date,mp,home,fg,fga,fg_pct,fg3,fg3a,fg3_pct,ft,fta,ft_pct,orb,drb,trb,ast,stl,blk,tov,pf,pts,plus_minus,ts_pct,efg_pct,fg3a_per_fga_pct,fta_per_fga_pct,orb_pct,drb_pct,trb_pct,ast_pct,stl_pct,blk_pct,tov_pct,usg_pct,off_rtg,def_rtg,bpm,opponent,team
2020-12-23,21.17,0,1.0,2.0,0.5,0.0,0.0,0,1.0,2.0,0.5,2.0,4.0,6.0,0.0,0.0,3.0,0.0,3.0,3.0,-17.0,0.521,0.5,0.0,1.0,10.1,20.2,15.1,0.0,0.0,11.3,0.0,5.9,132.0,110.0,-2.6,"domantas sabonis,malcolm brogdon,myles turner,victor oladipo,t.j. warren,doug mcdermott,justin holiday,t.j. mcconnell,aaron holiday","julius randle,rj barrett,reggie bullock,elfrid payton,alec burks,obi toppin,kevin knox,immanuel quickley,nerlens noel,frank ntilikina,theo pinson"
2020-12-26,24.98,1,5.0,8.0,0.625,0.0,0.0,0,1.0,2.0,0.5,5.0,4.0,9.0,0.0,1.0,2.0,0.0,3.0,11.0,-19.0,0.619,0.625,0.0,0.25,20.0,18.3,19.2,0.0,2.0,6.7,0.0,15.6,139.0,110.0,6.2,"ben simmons,joel embiid,tobias harris,seth curry,danny green,shake milton,furkan korkmaz,tyrese maxey,matisse thybulle","rj barrett,julius randle,reggie bullock,elfrid payton,alec burks,kevin knox,dennis smith jr.,nerlens noel,frank ntilikina,theo pinson"
2020-12-27,34.67,1,4.0,6.0,0.667,0.0,0.0,0,1.0,1.0,1.0,0.0,6.0,6.0,1.0,2.0,1.0,1.0,2.0,9.0,16.0,0.699,0.667,0.0,0.167,0.0,15.1,9.2,3.4,2.8,2.4,13.4,9.2,123.0,105.0,2.1,"khris middleton,giannis antetokounmpo,jrue holiday,donte divincenzo,brook lopez,bobby portis,bryn forbes,pat connaughton,jordan nwora,sam merrill,d.j. wilson,thanasis antetokounmpo,torrey craig","rj barrett,julius randle,elfrid payton,reggie bullock,kevin knox,alec burks,frank ntilikina,nerlens noel,theo pinson,ignas brazdeikis"
2020-12-29,31.57,0,4.0,9.0,0.444,0.0,0.0,0,1.0,2.0,0.5,4.0,6.0,10.0,0.0,1.0,2.0,1.0,4.0,9.0,8.0,0.455,0.444,0.0,0.222,14.1,16.6,15.5,0.0,1.6,5.4,9.2,14.6,100.0,88.0,-2.6,"larry nance jr.,collin sexton,darius garland,andre drummond,cedi osman,javale mcgee,dean wade","julius randle,reggie bullock,rj barrett,elfrid payton,nerlens noel,kevin knox,frank ntilikina"
2020-12-31,25.22,0,2.0,4.0,0.5,0.0,0.0,0,0.0,0.0,0.0,2.0,5.0,7.0,0.0,2.0,0.0,1.0,4.0,4.0,0.0,0.5,0.5,0.0,0.0,7.2,19.8,13.2,0.0,3.8,0.0,20.0,8.5,89.0,94.0,-3.2,"kyle lowry,fred vanvleet,og anunoby,norman powell,chris boucher,terence davis,stanley johnson,alex len,yuta watanabe,deandre' bembry,malachi flynn","reggie bullock,julius randle,rj barrett,elfrid payton,kevin knox,austin rivers,nerlens noel,theo pinson,ignas brazdeikis"
2021-01-02,29.15,0,8.0,10.0,0.8,0.0,0.0,0,0.0,0.0,0.0,6.0,3.0,9.0,1.0,0.0,2.0,0.0,3.0,16.0,10.0,0.8,0.8,0.0,0.0,26.7,10.7,17.9,5.7,0.0,9.7,0.0,15.9,175.0,108.0,8.4,"malcolm brogdon,domantas sabonis,victor oladipo,myles turner,aaron holiday,justin holiday,doug mcdermott,t.j. mcconnell,kelan martin","rj barrett,julius randle,elfrid payton,reggie bullock,austin rivers,nerlens noel,kevin knox,immanuel quickley"
2021-01-04,28.28,0,4.0,7.0,0.571,0.0,0.0,0,0.0,0.0,0.0,4.0,3.0,7.0,0.0,4.0,2.0,1.0,3.0,8.0,-5.0,0.571,0.571,0.0,0.0,16.6,11.6,14.0,0.0,7.0,6.1,12.5,12.2,119.0,98.0,2.9,"trae young,de'andre hunter,john collins,clint capela,cam reddish,kevin huerter,bogdan bogdanovic,brandon goodwin","rj barrett,julius randle,elfrid payton,reggie bullock,austin rivers,immanuel quickley,kevin knox"
2021-01-06,41.43,1,4.0,6.0,0.667,0.0,0.0,0,1.0,2.0,0.5,4.0,10.0,14.0,2.0,2.0,3.0,3.0,2.0,9.0,12.0,0.654,0.667,0.0,0.333,10.8,24.6,18.0,5.7,2.4,7.4,30.4,10.7,110.0,97.0,2.5,"donovan mitchell,rudy gobert,royce o'neale,mike conley,bojan bogdanovic,joe ingles,jordan clarkson,derrick favors,georges niang","elfrid payton,julius randle,rj barrett,reggie bullock,austin rivers,kevin knox,immanuel quickley"
2021-01-08,26.72,1,3.0,4.0,0.75,0.0,0.0,0,0.0,2.0,0.0,3.0,2.0,5.0,1.0,2.0,3.0,1.0,3.0,6.0,6.0,0.615,0.75,0.0,0.5,8.7,7.3,8.1,6.3,3.8,10.2,17.0,9.7,113.0,98.0,0.4,"shai gilgeous-alexander,luguentz dort,al horford,george hill,darius bazley,hamidou diallo,theo maledon,aleksej pokusevski,mike muscala,kenrich williams,isaiah roby","rj barrett,julius randle,elfrid payton,reggie bullock,austin rivers,kevin knox,immanuel quickley,nerlens noel"
2021-01-10,34.38,1,5.0,5.0,1.0,0.0,0.0,0,1.0,2.0,0.5,2.0,3.0,5.0,0.0,1.0,1.0,0.0,0.0,11.0,-7.0,0.935,1.0,0.0,0.4,6.5,11.6,8.8,0.0,1.5,2.8,0.0,8.1,189.0,122.0,4.6,"gary harris,nikola jokic,jamal murray,will barton,jamychal green,monte morris,pj dozier,facundo campazzo,isaiah hartenstein,bol bol,r.j. hampton,zeke nnaji,vlatko cancar","julius randle,rj barrett,elfrid payton,reggie bullock,austin rivers,kevin knox,immanuel quickley,nerlens noel,dennis smith jr.,theo pinson,ignas brazdeikis"
2021-01-11,33.05,0,5.0,5.0,1.0,0.0,0.0,0,2.0,4.0,0.5,7.0,4.0,11.0,0.0,2.0,2.0,1.0,1.0,12.0,-27.0,0.888,1.0,0.0,0.8,20.7,15.7,18.6,0.0,3.2,6.3,12.9,10.2,158.0,113.0,7.0,"devonte' graham,gordon hayward,terry rozier,p.j. washington,bismack biyombo,lamelo ball,miles bridges,caleb martin,cody martin,vernon carey jr.,jalen mcdaniels,nick richards","austin rivers,rj barrett,elfrid payton,julius randle,kevin knox,immanuel quickley,nerlens noel"
2021-01-13,33.18,1,5.0,9.0,0.556,0.0,0.0,0,0.0,0.0,0.0,8.0,4.0,12.0,2.0,0.0,2.0,1.0,2.0,10.0,5.0,0.556,0.556,0.0,0.0,25.2,13.5,19.5,7.9,0.0,5.7,10.0,13.6,136.0,127.0,-0.6,"jeff green,kevin durant,bruce brown,deandre jordan,joe harris,timothe luwawu-cabarrot,chris chiozza,landry shamet,reggie perry","julius randle,rj barrett,austin rivers,elfrid payton,kevin knox,immanuel quickley,nerlens noel,obi toppin"
2021-01-15,28.02,0,2.0,5.0,0.4,0.0,0.0,0,1.0,2.0,0.5,2.0,4.0,6.0,0.0,3.0,1.0,0.0,4.0,5.0,-19.0,0.425,0.4,0.0,0.4,8.4,14.9,11.8,0.0,5.5,3.3,0.0,10.0,106.0,105.0,-4.6,"larry nance jr.,isaac okoro,andre drummond,cedi osman,lamar stevens,javale mcgee,dean wade","julius randle,rj barrett,reggie bullock,elfrid payton,immanuel quickley,kevin knox,nerlens noel,austin rivers,obi toppin"
2021-01-17,24.22,0,4.0,5.0,0.8,0.0,0.0,0,0.0,0.0,0.0,4.0,3.0,7.0,0.0,0.0,2.0,1.0,4.0,8.0,28.0,0.8,0.8,0.0,0.0,20.3,10.4,14.5,0.0,0.0,10.4,16.7,11.3,145.0,83.0,1.6,"jaylen brown,marcus smart,tristan thompson,grant williams,kemba walker,daniel theis,javonte green,payton pritchard,aaron nesmith,tremont waters","julius randle,rj barrett,reggie bullock,elfrid payton,nerlens noel,immanuel quickley,obi toppin,austin rivers,kevin knox,dennis smith jr.,theo pinson,ignas brazdeikis"
2021-01-18,34.45,1,2.0,5.0,0.4,0.0,0.0,0,2.0,6.0,0.333,5.0,5.0,10.0,0.0,1.0,1.0,0.0,3.0,6.0,13.0,0.393,0.4,0.0,1.2,12.9,13.9,13.4,0.0,1.5,2.9,0.0,9.9,106.0,92.0,-3.2,"nikola vucevic,aaron gordon,cole anthony,terrence ross,khem birch,gary clark,jordan bone","julius randle,rj barrett,elfrid payton,reggie bullock,austin rivers,immanuel quickley,nerlens noel,kevin knox,obi toppin"
2021-01-21,27.38,0,8.0,11.0,0.727,0.0,0.0,0,2.0,2.0,1.0,4.0,4.0,8.0,1.0,1.0,2.0,0.0,4.0,18.0,9.0,0.758,0.727,0.0,0.182,14.6,13.2,13.9,7.3,1.7,7.3,0.0,18.8,162.0,100.0,9.3,"stephen curry,andrew wiggins,kelly oubre jr.,james wiseman,draymond green,eric paschall,damion lee,kent bazemore,kevon looney,jordan poole,nico mannion,mychal mulder","elfrid payton,rj barrett,julius randle,reggie bullock,alec burks,nerlens noel,obi toppin,kevin knox,immanuel quickley"
2021-01-22,28.7,0,6.0,8.0,0.75,0.0,0.0,0,0.0,1.0,0.0,5.0,5.0,10.0,0.0,0.0,1.0,2.0,1.0,12.0,-13.0,0.711,0.75,0.0,0.125,14.2,15.8,14.9,0.0,0.0,2.9,19.2,15.1,118.0,109.0,1.2,"de'aaron fox,richaun holmes,harrison barnes,marvin bagley iii,buddy hield,tyrese haliburton,cory joseph,chimezie metu","julius randle,rj barrett,elfrid payton,reggie bullock,alec burks,nerlens noel,immanuel quickley,obi toppin,kevin knox"
2021-01-24,25.63,0,4.0,7.0,0.571,0.0,0.0,0,0.0,0.0,0.0,5.0,4.0,9.0,0.0,0.0,0.0,0.0,3.0,8.0,0.0,0.571,0.571,0.0,0.0,21.8,17.4,19.6,0.0,0.0,0.0,0.0,12.0,145.0,129.0,-5.2,"damian lillard,derrick jones jr.,robert covington,anfernee simons,gary trent jr.,nassir little","julius randle,alec burks,elfrid payton,rj barrett,austin rivers,immanuel quickley,nerlens noel,kevin knox,obi toppin"
2021-01-26,30.68,0,3.0,4.0,0.75,0.0,0.0,0,1.0,4.0,0.25,1.0,7.0,8.0,1.0,0.0,2.0,0.0,2.0,7.0,-15.0,0.608,0.75,0.0,1.0,3.5,21.1,12.9,5.0,0.0,7.1,0.0,8.9,131.0,118.0,1.8,"royce o'neale,donovan mitchell,mike conley,rudy gobert,bojan bogdanovic,joe ingles,jordan clarkson,derrick favors,georges niang,udoka azubuike,shaquille harrison,juwan morgan,miye oni","rj barrett,julius randle,alec burks,elfrid payton,austin rivers,immanuel quickley,nerlens noel,obi toppin,kevin knox,theo pinson"
2021-01-29,22.27,1,2.0,3.0,0.667,0.0,0.0,0,2.0,2.0,1.0,2.0,2.0,4.0,1.0,1.0,3.0,2.0,5.0,6.0,-6.0,0.773,0.667,0.0,0.667,11.7,9.2,10.3,6.2,2.4,11.2,34.0,12.7,118.0,88.0,2.3,"collin sexton,isaac okoro,darius garland,larry nance jr.,andre drummond,jarrett allen,taurean prince,dylan windler,cedi osman,dean wade","rj barrett,julius randle,alec burks,elfrid payton,nerlens noel,immanuel quickley,austin rivers,obi toppin,kevin knox,taj gibson"
2021-01-31,29.65,1,4.0,6.0,0.667,0.0,0.0,0,1.0,2.0,0.5,3.0,3.0,6.0,0.0,0.0,1.0,0.0,2.0,9.0,-3.0,0.654,0.667,0.0,0.333,11.8,14.7,13.1,0.0,0.0,3.8,0.0,10.7,148.0,144.0,-3.8,"kawhi leonard,paul george,reggie jackson,serge ibaka,marcus morris,ivica zubac,terance mann,luke kennard,amir coffey,mfiondu kabengele","julius randle,rj barrett,reggie bullock,elfrid payton,immanuel quickley,alec burks,taj gibson,austin rivers,obi toppin"
2021-02-01,20.37,0,4.0,6.0,0.667,0.0,0.0,0,1.0,2.0,0.5,6.0,2.0,8.0,0.0,0.0,1.0,0.0,3.0,9.0,2.0,0.654,0.667,0.0,0.333,32.1,11.5,22.2,0.0,0.0,4.4,0.0,14.8,153.0,114.0,1.5,"coby white,lauri markkanen,zach lavine,patrick williams,daniel gafford,thaddeus young,garrett temple,otto porter jr.,denzel valentine,chandler hutchison","julius randle,rj barrett,reggie bullock,elfrid payton,immanuel quickley,alec burks,nerlens noel,austin rivers,obi toppin"
2021-02-03,28.13,0,3.0,5.0,0.6,0.0,0.0,0,2.0,2.0,1.0,3.0,8.0,11.0,0.0,2.0,0.0,1.0,3.0,8.0,9.0,0.68,0.6,0.0,0.4,11.9,32.5,22.1,0.0,3.5,0.0,14.5,10.4,133.0,99.0,2.2,"zach lavine,lauri markkanen,coby white,patrick williams,daniel gafford,thaddeus young,garrett temple,denzel valentine","julius randle,elfrid payton,rj barrett,reggie bullock,nerlens noel,alec burks,austin rivers,immanuel quickley,obi toppin"
2021-02-06,33.77,1,3.0,4.0,0.75,0.0,0.0,0,0.0,0.0,0.0,0.0,10.0,10.0,1.0,2.0,2.0,4.0,3.0,6.0,6.0,0.75,0.75,0.0,0.0,0.0,26.3,15.5,3.6,3.0,6.8,50.0,10.6,71.0,92.0,-1.0,"damian lillard,robert covington,gary trent jr.,anfernee simons,derrick jones jr.","julius randle,elfrid payton,rj barrett,reggie bullock,alec burks,taj gibson,immanuel quickley,obi toppin,austin rivers"
2021-02-07,31.92,1,2.0,4.0,0.5,0.0,0.0,0,2.0,2.0,1.0,3.0,4.0,7.0,0.0,0.0,1.0,0.0,5.0,6.0,-10.0,0.615,0.5,0.0,0.5,9.4,15.0,12.0,0.0,0.0,3.1,0.0,7.1,150.0,118.0,-5.4,"bam adebayo,duncan robinson,jimmy butler,kendrick nunn,kelly olynyk,tyler herro,andre iguodala,gabe vincent,precious achiuwa","julius randle,reggie bullock,elfrid payton,rj barrett,alec burks,immanuel quickley,austin rivers,taj gibson,obi toppin"
2021-02-09,28.92,0,1.0,2.0,0.5,0.0,0.0,0,0.0,0.0,0.0,2.0,5.0,7.0,2.0,3.0,1.0,1.0,5.0,2.0,-14.0,0.5,0.5,0.0,0.0,7.7,20.2,13.8,9.4,5.5,4.5,33.3,4.6,108.0,97.0,1.9,"jimmy butler,bam adebayo,kendrick nunn,duncan robinson,kelly olynyk,tyler herro,andre iguodala,precious achiuwa,gabe vincent","julius randle,rj barrett,elfrid payton,reggie bullock,alec burks,immanuel quickley,derrick rose,nerlens noel,obi toppin"
2021-02-12,19.8,0,5.0,6.0,0.833,0.0,0.0,0,0.0,4.0,0.0,5.0,9.0,14.0,1.0,2.0,0.0,1.0,1.0,10.0,16.0,0.644,0.833,0.0,0.667,23.3,37.0,30.6,7.6,4.8,0.0,11.4,17.9,124.0,79.0,10.5,"russell westbrook,rui hachimura,davis bertans,garrison mathews,alex len,deni avdija,troy brown jr.,robin lopez,raul neto,ish smith,moritz wagner","julius randle,rj barrett,elfrid payton,reggie bullock,alec burks,immanuel quickley,derrick rose,nerlens noel,obi toppin,taj gibson,kevin knox,austin rivers,theo pinson"
2021-03-21,16.65,1,2.0,5.0,0.4,0.0,0.0,0,0.0,2.0,0.0,4.0,2.0,6.0,1.0,0.0,0.0,0.0,2.0,4.0,-3.0,0.34,0.4,0.0,0.4,26.0,16.3,21.7,10.1,0.0,0.0,0.0,16.3,105.0,107.0,-4.1,"ben simmons,tobias harris,danny green,furkan korkmaz,tony bradley,shake milton,matisse thybulle,tyrese maxey","reggie bullock,julius randle,rj barrett,nerlens noel,immanuel quickley,alec burks,frank ntilikina,obi toppin"
2021-03-23,30.7,1,7.0,9.0,0.778,0.0,0.0,0,2.0,2.0,1.0,7.0,5.0,12.0,2.0,0.0,3.0,2.0,3.0,16.0,9.0,0.81,0.778,0.0,0.222,25.5,21.1,23.5,8.7,0.0,8.4,16.8,16.5,156.0,111.0,5.6,"rui hachimura,bradley beal,russell westbrook,garrison mathews,alex len,moritz wagner,deni avdija,raul neto,troy brown jr.,robin lopez,cassius winston,anthony gill","rj barrett,julius randle,reggie bullock,elfrid payton,nerlens noel,alec burks,immanuel quickley,frank ntilikina,obi toppin,kevin knox"
2021-03-25,21.27,1,2.0,5.0,0.4,0.0,0.0,0,2.0,3.0,0.667,4.0,3.0,7.0,0.0,2.0,1.0,1.0,2.0,6.0,-14.0,0.475,0.4,0.0,0.6,16.1,15.0,15.6,0.0,4.4,4.2,13.7,13.3,107.0,94.0,1.1,"rui hachimura,russell westbrook,bradley beal,garrison mathews,alex len,robin lopez,raul neto,deni avdija","rj barrett,julius randle,elfrid payton,frank ntilikina,alec burks,taj gibson,immanuel quickley,obi toppin,kevin knox"
2021-03-27,6.23,0,1.0,1.0,1.0,0.0,0.0,0,0.0,0.0,0.0,1.0,0.0,1.0,0.0,1.0,0.0,1.0,1.0,2.0,6.0,1.0,1.0,0.0,0.0,17.1,0.0,8.4,0.0,8.2,0.0,50.0,13.9,93.0,97.0,-3.3,"thanasis antetokounmpo,jordan nwora,brook lopez,sam merrill,pat connaughton,bryn forbes,mamadi diakite","alec burks,rj barrett,taj gibson,elfrid payton,nerlens noel,derrick rose,immanuel quickley,kevin knox,obi toppin"
2021-10-20,34.47,1,5.0,5.0,1.0,0.0,0.0,0,1.0,4.0,0.25,5.0,12.0,17.0,3.0,0.0,2.0,1.0,2.0,11.0,3.0,0.814,1.0,0.0,0.8,17.5,32.1,25.8,11.9,0.0,5.6,12.9,9.8,161.0,103.0,6.4,"jaylen brown,marcus smart,robert williams,jayson tatum,grant williams,dennis schroder,romeo langford,aaron nesmith,payton pritchard","rj barrett,julius randle,evan fournier,kemba walker,obi toppin,derrick rose,alec burks,immanuel quickley,jericho sims,quentin grimes"
2021-10-22,28.22,0,3.0,5.0,0.6,0.0,0.0,0,0.0,0.0,0.0,4.0,5.0,9.0,0.0,0.0,0.0,1.0,5.0,6.0,4.0,0.6,0.6,0.0,0.0,15.8,20.7,18.2,0.0,0.0,0.0,16.7,9.6,126.0,105.0,-9.8,"mo bamba,franz wagner,jalen suggs,cole anthony,wendell carter jr.,terrence ross,r.j. hampton,moritz wagner,robin lopez,ignas brazdeikis","julius randle,evan fournier,rj barrett,kemba walker,derrick rose,obi toppin,immanuel quickley,alec burks,jericho sims,quentin grimes,kevin knox,miles mcbride"
2021-10-24,33.37,1,4.0,5.0,0.8,0.0,0.0,0,2.0,5.0,0.4,4.0,6.0,10.0,1.0,2.0,3.0,1.0,6.0,10.0,4.0,0.694,0.8,0.0,1.0,9.1,18.8,13.2,4.6,2.8,9.6,12.2,9.6,133.0,99.0,0.9,"franz wagner,cole anthony,mo bamba,wendell carter jr.,jalen suggs,terrence ross,r.j. hampton,robin lopez,moritz wagner,ignas brazdeikis","julius randle,rj barrett,evan fournier,kemba walker,derrick rose,alec burks,obi toppin,immanuel quickley,taj gibson,miles mcbride"
2021-10-26,28.98,1,3.0,3.0,1.0,0.0,0.0,0,1.0,2.0,0.5,3.0,3.0,6.0,1.0,1.0,0.0,1.0,5.0,7.0,0.0,0.902,1.0,0.0,0.667,12.1,11.3,11.7,4.6,1.9,0.0,20.5,7.7,155.0,113.0,-2.0,"tobias harris,joel embiid,tyrese maxey,seth curry,danny green,furkan korkmaz,georges niang,matisse thybulle,andre drummond,isaiah joe,paul reed,charles bassey","julius randle,evan fournier,rj barrett,kemba walker,derrick rose,taj gibson,alec burks,immanuel quickley,obi toppin"
2021-10-28,28.75,0,4.0,4.0,1.0,0.0,0.0,0,1.0,2.0,0.5,2.0,4.0,6.0,0.0,0.0,2.0,1.0,3.0,9.0,-4.0,0.922,1.0,0.0,0.5,7.8,15.5,11.6,0.0,0.0,6.4,17.0,9.2,153.0,110.0,1.6,"nikola vucevic,zach lavine,demar derozan,lonzo ball,patrick williams,alex caruso,troy brown jr.,javonte green,ayo dosunmu,tony bradley,alize johnson","julius randle,rj barrett,evan fournier,kemba walker,taj gibson,derrick rose,alec burks,obi toppin,immanuel quickley"
2021-10-30,27.1,0,3.0,3.0,1.0,0.0,0.0,0,2.0,2.0,1.0,1.0,4.0,5.0,0.0,0.0,0.0,1.0,3.0,8.0,2.0,1.031,1.0,0.0,0.667,4.9,16.1,11.1,0.0,0.0,0.0,20.5,8.3,166.0,124.0,-3.6,"herbert jones,jonas valanciunas,devonte' graham,nickeil alexander-walker,josh hart,trey murphy iii,kira lewis jr.,jaxson hayes,naji marshall","julius randle,evan fournier,rj barrett,kemba walker,taj gibson,derrick rose,alec burks,immanuel quickley,obi toppin,miles mcbride"
2021-11-01,27.65,1,2.0,4.0,0.5,0.0,0.0,0,2.0,2.0,1.0,5.0,7.0,12.0,3.0,0.0,1.0,1.0,1.0,6.0,-10.0,0.615,0.5,0.0,0.5,20.7,25.9,23.4,16.5,0.0,3.0,17.0,10.0,149.0,115.0,3.1,"gary trent jr.,og anunoby,fred vanvleet,svi mykhailiuk,precious achiuwa,khem birch,malachi flynn,chris boucher,dalano banton,justin champagnie","rj barrett,julius randle,kemba walker,evan fournier,derrick rose,immanuel quickley,alec burks,obi toppin,taj gibson,jericho sims"
2021-11-03,27.65,0,1.0,1.0,1.0,0.0,0.0,0,1.0,2.0,0.5,1.0,5.0,6.0,2.0,0.0,3.0,0.0,2.0,3.0,-15.0,0.798,1.0,0.0,2.0,3.3,20.7,11.0,10.1,0.0,10.4,0.0,3.0,176.0,115.0,0.5,"malcolm brogdon,domantas sabonis,chris duarte,caris levert,myles turner,justin holiday,torrey craig,t.j. mcconnell,goga bitadze,kelan martin","julius randle,rj barrett,evan fournier,kemba walker,alec burks,derrick rose,nerlens noel,immanuel quickley,obi toppin"
2021-11-05,21.15,0,1.0,2.0,0.5,0.0,0.0,0,2.0,3.0,0.667,2.0,4.0,6.0,1.0,2.0,0.0,1.0,1.0,4.0,-1.0,0.602,0.5,0.0,1.5,9.1,19.7,14.2,5.9,4.7,0.0,23.1,8.1,119.0,96.0,1.9,"grayson allen,giannis antetokounmpo,pat connaughton,george hill,thanasis antetokounmpo,bobby portis,jordan nwora,jrue holiday,justin robinson","rj barrett,julius randle,evan fournier,kemba walker,derrick rose,nerlens noel,immanuel quickley,obi toppin,alec burks,jericho sims,kevin knox,quentin grimes,miles mcbride"
2021-11-07,16.93,1,3.0,3.0,1.0,0.0,0.0,0,2.0,2.0,1.0,4.0,3.0,7.0,1.0,0.0,5.0,0.0,2.0,8.0,-11.0,1.031,1.0,0.0,0.667,25.8,23.6,24.8,9.3,0.0,25.8,0.0,10.4,218.0,118.0,15.2,"evan mobley,darius garland,jarrett allen,dean wade,collin sexton,ricky rubio,cedi osman,dylan windler,lamar stevens,denzel valentine","julius randle,rj barrett,evan fournier,derrick rose,nerlens noel,alec burks,immanuel quickley,quentin grimes,obi toppin,miles mcbride,kevin knox,jericho sims"
2021-11-10,23.08,1,1.0,1.0,1.0,0.0,0.0,0,1.0,2.0,0.5,0.0,6.0,6.0,0.0,0.0,2.0,1.0,3.0,3.0,-15.0,0.798,1.0,0.0,2.0,0.0,28.4,14.2,0.0,0.0,10.4,34.7,6.0,94.0,119.0,-7.0,"giannis antetokounmpo,george hill,jrue holiday,grayson allen,bobby portis,pat connaughton,jordan nwora,thanasis antetokounmpo","julius randle,rj barrett,evan fournier,kemba walker,derrick rose,alec burks,immanuel quickley,taj gibson,obi toppin"
2021-11-12,23.07,0,4.0,5.0,0.8,0.0,0.0,0,3.0,4.0,0.75,3.0,3.0,6.0,0.0,0.0,1.0,1.0,2.0,11.0,-9.0,0.814,0.8,0.0,0.8,12.2,12.7,12.5,0.0,0.0,3.9,12.9,13.5,149.0,107.0,4.0,"gordon hayward,lamelo ball,miles bridges,terry rozier,mason plumlee,kelly oubre jr.,cody martin,jalen mcdaniels,nick richards,ish smith","julius randle,kemba walker,evan fournier,rj barrett,alec burks,taj gibson,immanuel quickley,derrick rose,obi toppin"
2021-11-15,15.85,1,1.0,2.0,0.5,0.0,0.0,0,0.0,0.0,0.0,0.0,2.0,2.0,0.0,0.0,3.0,0.0,3.0,2.0,-14.0,0.5,0.5,0.0,0.0,0.0,12.9,6.7,0.0,0.0,18.5,0.0,6.0,99.0,85.0,-0.4,"domantas sabonis,malcolm brogdon,myles turner,justin holiday,caris levert,t.j. mcconnell,goga bitadze,kelan martin,torrey craig,jeremy lamb","julius randle,rj barrett,evan fournier,kemba walker,taj gibson,derrick rose,immanuel quickley,alec burks,obi toppin"
2021-11-17,30.58,1,5.0,6.0,0.833,0.0,0.0,0,3.0,5.0,0.6,8.0,3.0,11.0,0.0,0.0,1.0,0.0,2.0,13.0,8.0,0.793,0.833,0.0,0.833,26.2,9.8,18.0,0.0,0.0,2.7,0.0,11.6,177.0,111.0,3.2,"cole anthony,franz wagner,mo bamba,jalen suggs,wendell carter jr.,terrence ross,gary harris,chuma okeke,r.j. hampton,moritz wagner","rj barrett,julius randle,kemba walker,evan fournier,alec burks,immanuel quickley,derrick rose,obi toppin,taj gibson"
2021-11-20,18.0,1,3.0,4.0,0.75,0.0,0.0,0,0.0,0.0,0.0,1.0,4.0,5.0,0.0,1.0,2.0,0.0,3.0,6.0,5.0,0.75,0.75,0.0,0.0,6.8,23.2,15.7,0.0,2.7,11.9,0.0,10.5,149.0,92.0,1.5,"christian wood,eric gordon,jalen green,jae'sean tate,daniel theis,alperen sengun,kenyon martin jr.,garrison mathews,armoni brooks,danuel house jr.","julius randle,evan fournier,rj barrett,kemba walker,nerlens noel,alec burks,immanuel quickley,derrick rose,obi toppin"
2021-11-26,21.15,1,3.0,4.0,0.75,0.0,0.0,0,1.0,3.0,0.333,5.0,3.0,8.0,0.0,1.0,0.0,0.0,0.0,7.0,-10.0,0.658,0.75,0.0,0.75,22.3,19.5,21.1,0.0,2.4,0.0,0.0,10.3,153.0,121.0,4.7,"mikal bridges,devin booker,deandre ayton,chris paul,jae crowder,cameron johnson,landry shamet,cameron payne,javale mcgee,jalen smith,ish wainright","julius randle,rj barrett,evan fournier,kemba walker,alec burks,immanuel quickley,nerlens noel,quentin grimes,obi toppin,kevin knox,miles mcbride,jericho sims"
2021-11-27,26.67,0,1.0,2.0,0.5,0.0,0.0,0,0.0,0.0,0.0,4.0,7.0,11.0,1.0,0.0,1.0,0.0,4.0,2.0,-5.0,0.5,0.5,0.0,0.0,15.3,22.9,19.4,5.3,0.0,3.2,0.0,3.5,162.0,95.0,-0.8,"john collins,trae young,kevin huerter,clint capela,bogdan bogdanovic,danilo gallinari,timothe luwawu-cabarrot,delon wright,cam reddish","alec burks,julius randle,rj barrett,evan fournier,immanuel quickley,jericho sims,obi toppin,quentin grimes"
2021-11-30,25.13,0,4.0,5.0,0.8,0.0,0.0,0,0.0,0.0,0.0,2.0,5.0,7.0,1.0,0.0,1.0,0.0,4.0,8.0,-10.0,0.8,0.8,0.0,0.0,9.8,23.3,16.7,5.3,0.0,3.4,0.0,9.0,172.0,119.0,1.2,"kevin durant,james harden,deandre' bembry,patty mills,cam thomas,james johnson,bruce brown,jevon carter","julius randle,alec burks,evan fournier,rj barrett,immanuel quickley,derrick rose,nerlens noel,obi toppin,quentin grimes"
2021-12-02,29.52,1,3.0,5.0,0.6,0.0,0.0,0,3.0,3.0,1.0,3.0,5.0,8.0,0.0,0.0,5.0,2.0,3.0,9.0,7.0,0.712,0.6,0.0,0.6,13.6,19.4,16.7,0.0,0.0,13.6,24.0,12.1,123.0,117.0,0.4,"demar derozan,zach lavine,lonzo ball,nikola vucevic,javonte green,alex caruso,ayo dosunmu,derrick jones jr.,troy brown jr.","alec burks,julius randle,immanuel quickley,evan fournier,derrick rose,obi toppin,quentin grimes,kevin knox,taj gibson"
2021-12-04,21.5,1,2.0,5.0,0.4,0.0,0.0,0,0.0,1.0,0.0,4.0,2.0,6.0,1.0,1.0,2.0,0.0,2.0,4.0,-4.0,0.368,0.4,0.0,0.2,17.9,14.0,16.3,7.3,2.5,10.9,0.0,11.2,114.0,120.0,-2.1,"will barton,nikola jokic,monte morris,jeff green,aaron gordon,zeke nnaji,facundo campazzo,davon reed,jamychal green,vlatko cancar","evan fournier,julius randle,alec burks,rj barrett,derrick rose,obi toppin,immanuel quickley,nerlens noel,quentin grimes"
2021-12-07,22.02,0,4.0,6.0,0.667,0.0,0.0,0,3.0,4.0,0.75,8.0,6.0,14.0,0.0,2.0,3.0,1.0,1.0,11.0,13.0,0.709,0.667,0.0,0.667,37.1,27.3,32.1,0.0,4.7,10.7,11.4,17.5,157.0,99.0,10.6,"dejounte murray,derrick white,jakob poeltl,doug mcdermott,keldon johnson,bryn forbes,lonnie walker iv,keita bates-diop,drew eubanks,joshua primo,tre jones,jock landale,joe wieskamp","rj barrett,alec burks,julius randle,nerlens noel,evan fournier,immanuel quickley,derrick rose,obi toppin,quentin grimes"
2021-12-08,19.4,0,1.0,1.0,1.0,0.0,0.0,0,2.0,2.0,1.0,1.0,1.0,2.0,0.0,0.0,2.0,0.0,3.0,4.0,-6.0,1.064,1.0,0.0,2.0,5.6,7.3,6.3,0.0,0.0,8.4,0.0,4.3,226.0,130.0,-2.4,"domantas sabonis,malcolm brogdon,myles turner,chris duarte,caris levert,oshae brissett,kelan martin,jeremy lamb,torrey craig,goga bitadze,isaiah jackson,duane washington jr.","rj barrett,julius randle,alec burks,evan fournier,taj gibson,immanuel quickley,derrick rose,obi toppin,miles mcbride,quentin grimes,kevin knox,jericho sims"
2021-12-10,18.03,0,1.0,3.0,0.333,0.0,0.0,0,2.0,2.0,1.0,2.0,6.0,8.0,0.0,0.0,2.0,1.0,3.0,4.0,6.0,0.515,0.333,0.0,0.667,10.6,30.1,20.7,0.0,0.0,10.2,20.5,12.4,102.0,89.0,-1.0,"scottie barnes,pascal siakam,gary trent jr.,fred vanvleet,chris boucher,yuta watanabe,svi mykhailiuk,justin champagnie,dalano banton,malachi flynn","julius randle,alec burks,rj barrett,evan fournier,nerlens noel,derrick rose,immanuel quickley,obi toppin"
2021-12-12,18.2,1,4.0,5.0,0.8,0.0,0.0,0,1.0,2.0,0.5,3.0,5.0,8.0,0.0,0.0,0.0,0.0,3.0,9.0,-14.0,0.765,0.8,0.0,0.4,18.8,32.2,25.4,0.0,0.0,0.0,0.0,15.0,162.0,119.0,0.0,"jrue holiday,giannis antetokounmpo,khris middleton,bobby portis,grayson allen,pat connaughton,george hill,demarcus cousins,jordan nwora,sandro mamukelashvili,javonte smart","quentin grimes,derrick rose,julius randle,nerlens noel,evan fournier,kevin knox,immanuel quickley,miles mcbride"
2021-12-14,14.15,1,1.0,2.0,0.5,0.0,0.0,0,0.0,0.0,0.0,0.0,2.0,2.0,0.0,0.0,1.0,0.0,0.0,2.0,-8.0,0.5,0.5,0.0,0.0,0.0,17.9,8.1,0.0,0.0,9.2,0.0,6.7,94.0,113.0,-3.2,"stephen curry,jordan poole,andrew wiggins,draymond green,kevon looney,damion lee,andre iguodala,juan toscano-anderson,jonathan kuminga,gary payton ii","alec burks,julius randle,derrick rose,evan fournier,nerlens noel,immanuel quickley,miles mcbride,kevin knox"
2021-12-16,30.43,0,8.0,8.0,1.0,0.0,0.0,0,1.0,1.0,1.0,6.0,3.0,9.0,0.0,1.0,3.0,0.0,4.0,17.0,21.0,1.007,1.0,0.0,0.125,24.3,15.8,20.6,0.0,1.8,13.1,0.0,12.7,213.0,110.0,9.2,"daniel theis,garrison mathews,eric gordon,jae'sean tate,armoni brooks,josh christopher,kenyon martin jr.,alperen sengun,david nwaba,usman garuba","alec burks,julius randle,evan fournier,nerlens noel,derrick rose,miles mcbride,immanuel quickley,taj gibson"
2021-12-18,21.77,0,1.0,2.0,0.5,0.0,0.0,0,1.0,3.0,0.333,4.0,4.0,8.0,0.0,2.0,0.0,0.0,2.0,3.0,-10.0,0.452,0.5,0.0,1.5,21.5,19.2,20.3,0.0,4.6,0.0,0.0,6.8,138.0,113.0,-1.5,"jayson tatum,marcus smart,jaylen brown,robert williams,aaron nesmith,josh richardson,payton pritchard","evan fournier,alec burks,julius randle,kemba walker,nerlens noel,taj gibson"
2021-12-21,24.6,1,8.0,9.0,0.889,0.0,0.0,0,1.0,2.0,0.5,6.0,8.0,14.0,0.0,1.0,3.0,1.0,4.0,17.0,24.0,0.86,0.889,0.0,0.222,23.0,31.9,27.3,0.0,2.0,9.6,9.2,19.2,160.0,80.0,13.6,"saddiq bey,hamidou diallo,cade cunningham,isaiah stewart,cory joseph,saben lee,frank jackson,trey lyles,rodney mcgruder,luka garza","alec burks,evan fournier,kemba walker,julius randle,nerlens noel,taj gibson"
2021-12-23,24.98,1,4.0,4.0,1.0,0.0,0.0,0,0.0,0.0,0.0,2.0,1.0,3.0,0.0,0.0,0.0,1.0,6.0,8.0,-1.0,1.0,1.0,0.0,0.0,8.2,5.5,7.0,0.0,0.0,0.0,20.0,8.7,159.0,134.0,-6.1,"spencer dinwiddie,kyle kuzma,corey kispert,aaron holiday,daniel gafford,deni avdija,montrezl harrell,raul neto,davis bertans,anthony gill","kemba walker,evan fournier,alec burks,julius randle,jericho sims,obi toppin,taj gibson,danuel house jr."
2021-12-25,30.42,1,2.0,2.0,1.0,0.0,0.0,0,0.0,2.0,0.0,2.0,6.0,8.0,1.0,0.0,5.0,1.0,3.0,4.0,18.0,0.694,1.0,0.0,1.0,6.7,19.3,13.2,4.5,0.0,16.1,25.8,6.1,116.0,85.0,0.0,"bogdan bogdanovic,cam reddish,delon wright,john collins,clint capela,skylar mays,gorgui dieng,jalen johnson,cat barber,malcolm hill","kemba walker,julius randle,evan fournier,rj barrett,quentin grimes,taj gibson,alec burks,obi toppin,tyler hall"
2021-12-28,32.05,0,7.0,8.0,0.875,0.0,0.0,0,0.0,2.0,0.0,6.0,12.0,18.0,0.0,2.0,1.0,1.0,2.0,14.0,2.0,0.788,0.875,0.0,0.25,18.0,36.7,27.2,0.0,3.2,3.2,10.1,13.2,146.0,83.0,10.0,"malik beasley,jaden mcdaniels,patrick beverley,nathan knight,jordan mclaughlin,jaylen nowell,jake layman,naz reid,josh okogie","julius randle,kemba walker,evan fournier,rj barrett,quentin grimes,alec burks,taj gibson,immanuel quickley,obi toppin"
2021-12-29,20.03,0,3.0,7.0,0.429,0.0,0.0,0,1.0,3.0,0.333,6.0,1.0,7.0,1.0,0.0,0.0,3.0,1.0,7.0,-22.0,0.421,0.429,0.0,0.429,31.3,5.3,18.4,10.1,0.0,0.0,26.5,24.9,86.0,100.0,-10.4,"saddiq bey,luka garza,hamidou diallo,frank jackson,cassius stanley,trayvon palmer,justin robinson,cheick diallo,deividas sirvydis","julius randle,rj barrett,kemba walker,quentin grimes,immanuel quickley,taj gibson,alec burks,miles mcbride,obi toppin"
2021-12-31,24.72,0,4.0,5.0,0.8,0.0,0.0,0,1.0,2.0,0.5,2.0,10.0,12.0,0.0,0.0,1.0,1.0,1.0,9.0,-8.0,0.765,0.8,0.0,0.4,8.3,38.8,24.0,0.0,0.0,4.4,14.5,13.3,133.0,98.0,2.9,"shai gilgeous-alexander,luguentz dort,aaron wiggins,isaiah roby,kenrich williams,ty jerome,aleksej pokusevski,derrick favors,mike muscala,theo maledon","rj barrett,obi toppin,miles mcbride,evan fournier,immanuel quickley,alec burks,taj gibson,quentin grimes,kevin knox"
2022-01-04,25.38,1,4.0,5.0,0.8,0.0,0.0,0,0.0,0.0,0.0,4.0,4.0,8.0,0.0,0.0,0.0,0.0,3.0,8.0,9.0,0.8,0.8,0.0,0.0,18.9,16.4,17.6,0.0,0.0,0.0,0.0,9.3,177.0,110.0,0.4,"domantas sabonis,keifer sykes,duane washington jr.,myles turner,justin holiday,torrey craig,justin anderson,oshae brissett","rj barrett,julius randle,alec burks,taj gibson,evan fournier,immanuel quickley,quentin grimes,obi toppin,miles mcbride"
2022-01-06,27.22,1,3.0,3.0,1.0,0.0,0.0,0,1.0,1.0,1.0,3.0,1.0,4.0,0.0,2.0,0.0,2.0,3.0,7.0,-2.0,1.017,1.0,0.0,0.333,12.9,4.5,8.8,0.0,4.0,0.0,36.8,9.2,132.0,116.0,-2.6,"jayson tatum,robert williams,jaylen brown,marcus smart,al horford,dennis schroder,josh richardson,grant williams","evan fournier,julius randle,alec burks,rj barrett,immanuel quickley,taj gibson,obi toppin,quentin grimes"
2022-01-08,28.27,0,5.0,5.0,1.0,0.0,0.0,0,1.0,4.0,0.25,6.0,2.0,8.0,0.0,0.0,1.0,2.0,1.0,11.0,-15.0,0.814,1.0,0.0,0.8,21.7,8.9,16.0,0.0,0.0,3.6,22.8,15.2,129.0,124.0,0.9,"jaylen brown,robert williams,jayson tatum,marcus smart,al horford,josh richardson,grant williams,dennis schroder,aaron nesmith,romeo langford,bruno fernando,sam hauser,juancho hernangomez","rj barrett,julius randle,immanuel quickley,alec burks,quentin grimes,taj gibson,obi toppin,miles mcbride,kevin knox,jericho sims"
2022-01-10,31.85,1,4.0,4.0,1.0,0.0,0.0,0,5.0,9.0,0.556,4.0,7.0,11.0,0.0,1.0,4.0,2.0,2.0,13.0,10.0,0.817,1.0,0.0,2.25,15.5,19.9,18.0,0.0,1.6,9.1,20.1,14.0,138.0,93.0,5.1,"dejounte murray,joshua primo,lonnie walker iv,keita bates-diop,jakob poeltl,devontae cacok,drew eubanks,bryn forbes,joe wieskamp,anthony lamb","julius randle,alec burks,rj barrett,evan fournier,quentin grimes,immanuel quickley,obi toppin,taj gibson,kevin knox,miles mcbride,jericho sims"
2022-01-12,25.62,1,9.0,10.0,0.9,0.0,0.0,0,1.0,1.0,1.0,4.0,6.0,10.0,0.0,1.0,2.0,1.0,3.0,19.0,22.0,0.91,0.9,0.0,0.1,16.7,23.4,20.1,0.0,2.0,9.1,8.7,20.3,166.0,83.0,15.2,"jalen brunson,maxi kleber,luka doncic,dorian finney-smith,dwight powell,tim hardaway jr.,reggie bullock,josh green,marquese chriss,sterling brown,moses brown,frank ntilikina,theo pinson","rj barrett,julius randle,alec burks,evan fournier,nerlens noel,quentin grimes,immanuel quickley,obi toppin,kevin knox,miles mcbride,jericho sims"
2022-01-15,31.13,0,6.0,8.0,0.75,0.0,0.0,0,2.0,4.0,0.5,5.0,8.0,13.0,0.0,1.0,0.0,1.0,1.0,14.0,9.0,0.717,0.75,0.0,0.5,20.3,33.3,26.7,0.0,1.7,0.0,9.3,16.2,145.0,116.0,2.7,"trae young,de'andre hunter,kevin huerter,john collins,gorgui dieng,danilo gallinari,onyeka okongwu,delon wright,timothe luwawu-cabarrot","rj barrett,julius randle,alec burks,evan fournier,immanuel quickley,taj gibson,quentin grimes,obi toppin"
2022-01-17,25.5,1,4.0,6.0,0.667,0.0,0.0,0,2.0,4.0,0.5,3.0,3.0,6.0,0.0,1.0,1.0,1.0,1.0,10.0,-25.0,0.644,0.667,0.0,0.667,12.0,12.5,12.3,0.0,2.1,4.0,11.4,15.8,120.0,105.0,0.8,"cody martin,miles bridges,gordon hayward,terry rozier,mason plumlee,p.j. washington,jalen mcdaniels,ish smith,nick richards","rj barrett,julius randle,alec burks,evan fournier,immanuel quickley,quentin grimes,taj gibson,obi toppin,jericho sims,miles mcbride"
2022-01-18,20.33,1,4.0,5.0,0.8,0.0,0.0,0,0.0,0.0,0.0,2.0,4.0,6.0,0.0,0.0,0.0,0.0,6.0,8.0,0.0,0.8,0.8,0.0,0.0,11.5,23.0,17.3,0.0,0.0,0.0,0.0,10.5,168.0,116.0,-1.8,"anthony edwards,karl-anthony towns,jarred vanderbilt,patrick beverley,d'angelo russell,jaylen nowell,jaden mcdaniels,malik beasley,naz reid,taurean prince","julius randle,evan fournier,rj barrett,kemba walker,taj gibson,quentin grimes,alec burks,immanuel quickley,obi toppin"
2022-01-20,30.05,1,6.0,7.0,0.857,0.0,0.0,0,5.0,10.0,0.5,7.0,8.0,15.0,0.0,0.0,1.0,1.0,3.0,17.0,-1.0,0.746,0.857,0.0,1.429,24.3,34.5,28.9,0.0,0.0,3.3,8.1,18.4,143.0,111.0,5.9,"herbert jones,josh hart,jonas valanciunas,devonte' graham,brandon ingram,nickeil alexander-walker,jose alvarado,jaxson hayes,garrett temple,gary clark","julius randle,rj barrett,evan fournier,kemba walker,quentin grimes,immanuel quickley,alec burks,obi toppin,taj gibson"
2022-01-23,16.12,1,3.0,6.0,0.5,0.0,0.0,0,2.0,4.0,0.5,4.0,4.0,8.0,2.0,0.0,0.0,0.0,1.0,8.0,6.0,0.515,0.5,0.0,0.667,24.3,27.7,25.9,19.8,0.0,0.0,0.0,20.8,137.0,110.0,3.5,"reggie jackson,ivica zubac,nicolas batum,marcus morris,amir coffey,luke kennard,terance mann,brandon boston jr.,serge ibaka,isaiah hartenstein","rj barrett,julius randle,alec burks,evan fournier,nerlens noel,quentin grimes,immanuel quickley,obi toppin,taj gibson,cam reddish"
2022-01-26,29.47,0,3.0,4.0,0.75,0.0,0.0,0,1.0,2.0,0.5,5.0,5.0,10.0,1.0,1.0,0.0,1.0,4.0,7.0,-18.0,0.717,0.75,0.0,0.5,17.7,22.6,19.9,5.4,1.8,0.0,17.0,8.9,140.0,121.0,-2.1,"gabe vincent,bam adebayo,jimmy butler,duncan robinson,p.j. tucker,tyler herro,caleb martin,max strus,dewayne dedmon,omer yurtseven,kyle guy","julius randle,rj barrett,evan fournier,kemba walker,quentin grimes,immanuel quickley,obi toppin,taj gibson,alec burks,cam reddish,miles mcbride,jericho sims"
2022-01-28,25.05,0,3.0,3.0,1.0,0.0,0.0,0,1.0,6.0,0.167,4.0,2.0,6.0,0.0,0.0,1.0,1.0,4.0,7.0,-2.0,0.621,1.0,0.0,2.0,16.3,8.5,12.5,0.0,0.0,4.2,15.1,11.5,116.0,127.0,-5.8,"jrue holiday,giannis antetokounmpo,khris middleton,grayson allen,bobby portis,donte divincenzo,pat connaughton,george hill,wesley matthews,thanasis antetokounmpo,jordan nwora,lindell wigginton,sandro mamukelashvili","julius randle,rj barrett,evan fournier,kemba walker,nerlens noel,alec burks,quentin grimes,obi toppin,immanuel quickley"
2022-01-31,21.58,1,3.0,3.0,1.0,0.0,0.0,0,3.0,6.0,0.5,5.0,8.0,13.0,1.0,1.0,2.0,1.0,3.0,9.0,13.0,0.798,1.0,0.0,2.0,31.8,37.1,34.8,6.7,2.2,9.3,15.1,13.5,156.0,86.0,7.6,"tyrese haliburton,davion mitchell,harrison barnes,richaun holmes,maurice harkless,buddy hield,chimezie metu,damian jones,louis king,jahmi'us ramsey,neemias queta,robert woodard ii","julius randle,evan fournier,rj barrett,kemba walker,alec burks,quentin grimes,nerlens noel,obi toppin,immanuel quickley,cam reddish,taj gibson,miles mcbride,jericho sims"
2022-02-02,29.9,1,7.0,8.0,0.875,0.0,0.0,0,0.0,1.0,0.0,7.0,4.0,11.0,1.0,0.0,8.0,3.0,1.0,14.0,1.0,0.829,0.875,0.0,0.125,22.9,12.8,17.8,6.0,0.0,20.4,26.2,16.0,129.0,112.0,9.2,"ja morant,desmond bane,jaren jackson jr.,ziaire williams,steven adams,brandon clarke,de'anthony melton,kyle anderson,tyus jones,john konchar","rj barrett,julius randle,evan fournier,kemba walker,immanuel quickley,nerlens noel,quentin grimes,alec burks,obi toppin,taj gibson"
2022-02-05,29.5,0,2.0,4.0,0.5,0.0,0.0,0,0.0,1.0,0.0,4.0,7.0,11.0,0.0,3.0,0.0,0.0,4.0,4.0,8.0,0.45,0.5,0.0,0.25,12.4,22.9,17.5,0.0,4.9,0.0,0.0,6.2,122.0,101.0,-1.7,"anthony davis,lebron james,malik monk,russell westbrook,stanley johnson,trevor ariza,talen horton-tucker,austin reaves,deandre jordan","rj barrett,julius randle,evan fournier,kemba walker,alec burks,nerlens noel,quentin grimes,obi toppin,immanuel quickley"
2022-02-07,36.18,0,8.0,11.0,0.727,0.0,0.0,0,3.0,6.0,0.5,10.0,11.0,21.0,1.0,2.0,3.0,0.0,1.0,19.0,7.0,0.696,0.727,0.0,0.545,24.1,29.2,26.5,5.2,2.7,8.8,0.0,14.3,158.0,102.0,14.2,"donovan mitchell,bojan bogdanovic,royce o'neale,mike conley,udoka azubuike,jordan clarkson,trent forrest,eric paschall,jared butler","rj barrett,julius randle,alec burks,evan fournier,immanuel quickley,cam reddish,nerlens noel,obi toppin"
2022-02-10,27.75,0,3.0,8.0,0.375,0.0,0.0,0,1.0,1.0,1.0,8.0,3.0,11.0,0.0,0.0,0.0,0.0,3.0,7.0,-1.0,0.415,0.375,0.0,0.125,28.2,13.0,21.4,0.0,0.0,0.0,0.0,12.4,130.0,120.0,-6.2,"stephen curry,jonathan kuminga,andrew wiggins,klay thompson,kevon looney,jordan poole,damion lee,gary payton ii,juan toscano-anderson,moses moody","julius randle,quentin grimes,evan fournier,kemba walker,alec burks,taj gibson,cam reddish,immanuel quickley,obi toppin"
2022-02-12,14.42,0,1.0,1.0,1.0,0.0,0.0,0,0.0,0.0,0.0,0.0,0.0,0.0,0.0,0.0,3.0,0.0,3.0,2.0,-6.0,1.0,1.0,0.0,0.0,0.0,0.0,0.0,0.0,0.0,22.7,0.0,3.1,200.0,110.0,-2.2,"anfernee simons,justise winslow,josh hart,jusuf nurkic,cj elleby,greg brown iii,trendon watford,elijah hughes","julius randle,quentin grimes,evan fournier,kemba walker,taj gibson,alec burks,cam reddish,immanuel quickley,obi toppin,jericho sims"
2022-02-14,40.53,1,6.0,9.0,0.667,0.0,0.0,0,2.0,4.0,0.5,9.0,8.0,17.0,0.0,4.0,4.0,2.0,1.0,14.0,1.0,0.651,0.667,0.0,0.444,20.6,23.2,21.8,0.0,4.8,8.4,15.7,12.7,129.0,105.0,2.8,"darius bazley,josh giddey,aaron wiggins,tre mann,isaiah roby,kenrich williams,derrick favors,aleksej pokusevski,ty jerome,theo maledon,vit krejci","julius randle,evan fournier,quentin grimes,kemba walker,alec burks,immanuel quickley,taj gibson,obi toppin,cam reddish"
2022-02-16,22.6,1,1.0,2.0,0.5,0.0,0.0,0,0.0,0.0,0.0,2.0,5.0,7.0,0.0,2.0,3.0,0.0,5.0,2.0,8.0,0.5,0.5,0.0,0.0,9.4,21.2,15.6,0.0,4.5,10.0,0.0,4.2,142.0,103.0,-2.7,"patty mills,seth curry,james johnson,bruce brown,andre drummond,cam thomas,blake griffin,jevon carter,kessler edwards","julius randle,quentin grimes,evan fournier,kemba walker,alec burks,taj gibson,immanuel quickley,cam reddish,obi toppin"
2022-02-25,29.07,1,0.0,1.0,0.0,0.0,0.0,0,0.0,0.0,0.0,1.0,8.0,9.0,0.0,1.0,1.0,3.0,5.0,0.0,-8.0,0.0,0.0,0.0,0.0,3.7,30.0,16.7,0.0,1.6,3.2,75.0,6.1,19.0,108.0,-8.0,"kyle lowry,bam adebayo,jimmy butler,p.j. tucker,duncan robinson,tyler herro,gabe vincent,caleb martin,omer yurtseven,max strus","rj barrett,evan fournier,julius randle,alec burks,jericho sims,immanuel quickley,cam reddish,obi toppin,miles mcbride,quentin grimes"
2022-02-27,16.58,1,3.0,3.0,1.0,0.0,0.0,0,0.0,1.0,0.0,2.0,2.0,4.0,1.0,0.0,0.0,1.0,6.0,6.0,-11.0,0.872,1.0,0.0,0.333,11.6,14.5,12.9,9.9,0.0,0.0,22.5,10.9,137.0,126.0,-3.5,"james harden,tyrese maxey,joel embiid,tobias harris,matisse thybulle,georges niang,danny green,furkan korkmaz,shake milton","julius randle,rj barrett,evan fournier,alec burks,immanuel quickley,jericho sims,cam reddish,obi toppin"
2022-03-02,21.35,0,5.0,6.0,0.833,0.0,0.0,0,0.0,2.0,0.0,2.0,5.0,7.0,0.0,0.0,1.0,0.0,4.0,10.0,-13.0,0.727,0.833,0.0,0.333,9.4,32.1,19.0,0.0,0.0,5.8,0.0,13.8,146.0,126.0,0.0,"james harden,tyrese maxey,joel embiid,tobias harris,matisse thybulle,danny green,shake milton,georges niang,furkan korkmaz,paul reed,willie cauley-stein,isaiah joe","rj barrett,julius randle,alec burks,evan fournier,cam reddish,immanuel quickley,obi toppin,taj gibson,jericho sims,miles mcbride,ryan arcidiacono"
2022-03-04,36.87,0,8.0,8.0,1.0,0.0,0.0,0,1.0,2.0,0.5,9.0,6.0,15.0,1.0,4.0,3.0,1.0,3.0,17.0,-2.0,0.957,1.0,0.0,0.25,27.9,19.5,23.8,4.4,5.3,7.7,10.1,11.6,182.0,102.0,12.4,"mikal bridges,deandre ayton,cameron payne,jae crowder,landry shamet,cameron johnson,torrey craig,aaron holiday,bismack biyombo,javale mcgee,ish wainright","rj barrett,evan fournier,alec burks,julius randle,immanuel quickley,cam reddish,jericho sims,miles mcbride"
2022-03-06,25.85,0,6.0,8.0,0.75,0.0,0.0,0,0.0,6.0,0.0,8.0,3.0,11.0,0.0,1.0,2.0,1.0,0.0,12.0,0.0,0.564,0.75,0.0,0.75,30.3,10.9,20.4,0.0,1.9,6.9,8.6,19.3,123.0,93.0,4.4,"terance mann,reggie jackson,marcus morris,nicolas batum,ivica zubac,amir coffey,luke kennard,isaiah hartenstein,robert covington,brandon boston jr.","rj barrett,evan fournier,julius randle,alec burks,immanuel quickley,cam reddish,jericho sims,miles mcbride,ryan arcidiacono"
2022-03-07,1.67,0,0.0,0.0,0.0,0.0,0.0,0,0.0,0.0,0.0,0.0,0.0,0.0,0.0,0.0,0.0,0.0,2.0,0.0,-8.0,0.0,0.0,0.0,0.0,0.0,0.0,0.0,0.0,0.0,0.0,0.0,0.0,0.0,117.0,-28.0,"de'aaron fox,harrison barnes,domantas sabonis,justin holiday,trey lyles,davion mitchell,donte divincenzo,damian jones,josh jackson","rj barrett,alec burks,julius randle,evan fournier,immanuel quickley,taj gibson,miles mcbride,cam reddish,jericho sims,ryan arcidiacono"
2022-03-09,23.77,0,4.0,4.0,1.0,0.0,0.0,0,3.0,4.0,0.75,5.0,6.0,11.0,0.0,2.0,3.0,1.0,1.0,11.0,9.0,0.955,1.0,0.0,1.0,25.9,22.9,24.1,0.0,4.5,14.4,14.8,12.6,169.0,69.0,19.6,"dorian finney-smith,luka doncic,reggie bullock,jalen brunson,dwight powell,spencer dinwiddie,maxi kleber,josh green,davis bertans,trey burke,sterling brown","alec burks,rj barrett,julius randle,evan fournier,immanuel quickley,miles mcbride,taj gibson,jericho sims,ryan arcidiacono"
2022-03-11,33.67,0,5.0,8.0,0.625,0.0,0.0,0,0.0,2.0,0.0,8.0,8.0,16.0,4.0,3.0,4.0,3.0,5.0,10.0,-4.0,0.563,0.625,0.0,0.25,22.8,19.7,21.1,18.5,4.1,7.3,25.3,13.9,113.0,100.0,7.1,"ja morant,desmond bane,jaren jackson jr.,steven adams,ziaire williams,brandon clarke,tyus jones,kyle anderson,de'anthony melton,john konchar","julius randle,rj barrett,alec burks,evan fournier,immanuel quickley,taj gibson,miles mcbride,jericho sims"
2022-03-13,22.48,0,3.0,4.0,0.75,0.0,0.0,0,1.0,2.0,0.5,5.0,0.0,5.0,1.0,0.0,4.0,1.0,4.0,7.0,-17.0,0.717,0.75,0.0,0.5,28.1,0.0,13.5,6.5,0.0,14.2,17.0,11.6,143.0,114.0,1.5,"kevin durant,bruce brown,goran dragic,patty mills,andre drummond,james johnson,nic claxton,cam thomas,blake griffin","rj barrett,julius randle,alec burks,evan fournier,immanuel quickley,jericho sims,miles mcbride,obi toppin,taj gibson"
2022-03-16,24.1,1,3.0,3.0,1.0,0.0,0.0,0,1.0,2.0,0.5,2.0,4.0,6.0,0.0,0.0,5.0,2.0,1.0,7.0,9.0,0.902,1.0,0.0,0.667,10.0,16.6,13.6,0.0,0.0,17.5,34.0,10.9,116.0,95.0,0.0,"trendon watford,drew eubanks,brandon williams,josh hart,justise winslow,kris dunn,cj elleby,keon johnson,greg brown iii,elijah hughes","rj barrett,julius randle,evan fournier,alec burks,immanuel quickley,jericho sims,miles mcbride,obi toppin,ryan arcidiacono"
2022-03-18,30.72,1,6.0,10.0,0.6,0.0,0.0,0,3.0,3.0,1.0,10.0,2.0,12.0,0.0,0.0,0.0,0.0,3.0,15.0,4.0,0.663,0.6,0.0,0.3,28.9,7.1,19.1,0.0,0.0,0.0,0.0,15.0,160.0,108.0,2.9,"kentavious caldwell-pope,kyle kuzma,corey kispert,kristaps porzingis,raul neto,deni avdija,rui hachimura,daniel gafford,ish smith","rj barrett,julius randle,evan fournier,alec burks,immanuel quickley,quentin grimes,jericho sims,obi toppin"
2022-03-20,25.53,1,2.0,3.0,0.667,0.0,0.0,0,0.0,0.0,0.0,2.0,1.0,3.0,2.0,1.0,1.0,0.0,1.0,4.0,-6.0,0.667,0.667,0.0,0.0,7.5,5.2,6.6,13.8,2.1,6.7,0.0,5.5,165.0,122.0,1.7,"donovan mitchell,royce o'neale,rudy gobert,juancho hernangomez,nickeil alexander-walker,jordan clarkson,rudy gay,jared butler","rj barrett,julius randle,alec burks,evan fournier,immanuel quickley,jericho sims,quentin grimes,obi toppin,miles mcbride"
2022-03-22,34.53,1,4.0,6.0,0.667,0.0,0.0,0,1.0,6.0,0.167,5.0,1.0,6.0,0.0,3.0,4.0,2.0,4.0,9.0,-6.0,0.521,0.667,0.0,1.0,14.8,3.8,9.9,0.0,4.4,12.4,18.8,13.4,101.0,116.0,-2.6,"trae young,kevin huerter,de'andre hunter,danilo gallinari,clint capela,bogdan bogdanovic,onyeka okongwu,delon wright,timothe luwawu-cabarrot","rj barrett,alec burks,evan fournier,obi toppin,immanuel quickley,taj gibson,jericho sims,quentin grimes,miles mcbride"
2022-03-25,19.48,0,4.0,5.0,0.8,0.0,0.0,0,3.0,6.0,0.5,6.0,0.0,6.0,1.0,1.0,0.0,1.0,1.0,11.0,-14.0,0.72,0.8,0.0,1.2,33.6,0.0,19.2,9.4,2.9,0.0,11.6,20.2,148.0,122.0,6.0,"jimmy butler,kyle lowry,bam adebayo,p.j. tucker,duncan robinson,max strus,caleb martin,dewayne dedmon,markieff morris","rj barrett,evan fournier,jericho sims,obi toppin,alec burks,immanuel quickley,taj gibson,miles mcbride,quentin grimes"
2022-03-27,29.33,0,1.0,3.0,0.333,0.0,0.0,0,2.0,2.0,1.0,4.0,5.0,9.0,1.0,1.0,5.0,2.0,4.0,4.0,-4.0,0.515,0.333,0.0,0.667,16.0,17.4,16.7,5.1,1.8,14.6,34.0,8.8,104.0,100.0,-2.3,"isaiah stewart,cade cunningham,marvin bagley iii,saddiq bey,cory joseph,killian hayes,kelly olynyk,braxton key,frank jackson,rodney mcgruder","rj barrett,alec burks,julius randle,evan fournier,immanuel quickley,jericho sims,miles mcbride,obi toppin"
2022-03-28,34.53,1,8.0,9.0,0.889,0.0,0.0,0,0.0,2.0,0.0,8.0,4.0,12.0,2.0,1.0,3.0,0.0,5.0,16.0,10.0,0.81,0.889,0.0,0.222,20.6,14.3,17.9,10.3,1.4,7.4,0.0,12.4,176.0,102.0,10.3,"demar derozan,zach lavine,ayo dosunmu,nikola vucevic,alex caruso,coby white,tristan thompson,javonte green,patrick williams","rj barrett,alec burks,julius randle,evan fournier,immanuel quickley,obi toppin,jericho sims,miles mcbride"
2022-03-30,33.73,1,2.0,4.0,0.5,0.0,0.0,0,2.0,4.0,0.5,8.0,2.0,10.0,2.0,1.0,1.0,0.0,0.0,6.0,2.0,0.521,0.5,0.0,1.0,26.5,7.1,17.1,7.7,1.5,2.6,0.0,7.6,160.0,128.0,-0.2,"lamelo ball,miles bridges,p.j. washington,terry rozier,mason plumlee,cody martin,kelly oubre jr.,montrezl harrell,jalen mcdaniels","alec burks,rj barrett,julius randle,evan fournier,immanuel quickley,obi toppin,jericho sims,miles mcbride"
2022-04-02,28.55,1,2.0,2.0,1.0,0.0,0.0,0,3.0,6.0,0.5,1.0,1.0,2.0,0.0,1.0,3.0,0.0,2.0,7.0,-10.0,0.754,1.0,0.0,3.0,4.0,4.7,4.3,0.0,1.8,10.7,0.0,7.7,158.0,123.0,-0.3,"darius garland,caris levert,isaac okoro,moses brown,lauri markkanen,kevin love,lamar stevens,cedi osman,brandon goodwin,dylan windler","rj barrett,obi toppin,alec burks,evan fournier,immanuel quickley,taj gibson,ryan arcidiacono,jericho sims"
2022-04-03,28.55,0,6.0,8.0,0.75,0.0,0.0,0,0.0,0.0,0.0,4.0,6.0,10.0,0.0,3.0,5.0,2.0,2.0,12.0,24.0,0.75,0.75,0.0,0.0,14.9,19.8,17.5,0.0,5.3,20.5,20.0,15.4,126.0,74.0,8.2,"ignas brazdeikis,mo bamba,r.j. hampton,chuma okeke,cole anthony,devin cannady,moritz wagner,terrence ross,markelle fultz,robin lopez","obi toppin,rj barrett,alec burks,evan fournier,immanuel quickley,jericho sims,quentin grimes,taj gibson,miles mcbride,ryan arcidiacono"
2022-10-19,12.67,0,2.0,3.0,0.667,0.0,0.0,0,0.0,1.0,0.0,2.0,0.0,2.0,0.0,0.0,2.0,0.0,5.0,4.0,-7.0,0.581,0.667,0.0,0.333,13.5,0.0,7.1,0.0,0.0,14.4,0.0,11.2,129.0,113.0,-3.6,"santi aldama,ja morant,desmond bane,john konchar,steven adams,tyus jones,brandon clarke,xavier tillman sr.,david roddy,jake laravia","rj barrett,jalen brunson,julius randle,evan fournier,isaiah hartenstein,cam reddish,immanuel quickley,obi toppin,derrick rose"
2022-10-21,23.42,1,3.0,3.0,1.0,0.0,0.0,0,2.0,4.0,0.5,4.0,1.0,5.0,1.0,0.0,2.0,2.0,2.0,8.0,5.0,0.84,1.0,0.0,1.333,17.4,3.9,10.4,4.7,0.0,7.6,29.6,11.9,135.0,104.0,1.1,"saddiq bey,cade cunningham,isaiah stewart,jaden ivey,bojan bogdanovic,jalen duren,killian hayes,hamidou diallo,cory joseph,kevin knox,braxton key,rodney mcgruder,buddy boeheim","jalen brunson,rj barrett,julius randle,evan fournier,immanuel quickley,isaiah hartenstein,obi toppin,cam reddish,derrick rose,miles mcbride,jericho sims,svi mykhailiuk,ryan arcidiacono,trevor keels"
2022-10-24,29.68,1,6.0,7.0,0.857,0.0,0.0,0,2.0,5.0,0.4,5.0,1.0,6.0,0.0,1.0,3.0,0.0,3.0,14.0,7.0,0.761,0.857,0.0,0.714,17.6,3.6,10.7,0.0,1.7,9.5,0.0,12.7,163.0,108.0,7.3,"franz wagner,wendell carter jr.,paolo banchero,terrence ross,cole anthony,caleb houstan,bol bol,mo bamba,chuma okeke,r.j. hampton","rj barrett,julius randle,jalen brunson,evan fournier,immanuel quickley,isaiah hartenstein,cam reddish,obi toppin,derrick rose"
2022-10-26,37.02,1,4.0,4.0,1.0,0.0,0.0,0,1.0,2.0,0.5,2.0,6.0,8.0,1.0,0.0,6.0,0.0,2.0,9.0,8.0,0.922,1.0,0.0,0.5,6.4,20.0,13.0,3.1,0.0,12.6,0.0,5.7,192.0,111.0,5.3,"gordon hayward,p.j. washington,dennis smith jr.,kelly oubre jr.,mason plumlee,jalen mcdaniels,nick richards,james bouknight,theo maledon,jt thor,bryce mcgowens","jalen brunson,julius randle,rj barrett,evan fournier,cam reddish,immanuel quickley,isaiah hartenstein,obi toppin,derrick rose"
2022-10-28,20.4,0,2.0,5.0,0.4,0.0,0.0,0,1.0,2.0,0.5,5.0,4.0,9.0,1.0,0.0,2.0,0.0,5.0,5.0,-7.0,0.425,0.4,0.0,0.4,21.8,15.7,18.6,7.3,0.0,7.4,0.0,11.6,126.0,114.0,-1.9,"giannis antetokounmpo,jevon carter,brook lopez,jrue holiday,grayson allen,george hill,bobby portis,jordan nwora,serge ibaka,wesley matthews","rj barrett,jalen brunson,julius randle,evan fournier,immanuel quickley,isaiah hartenstein,obi toppin,derrick rose,cam reddish,miles mcbride,jericho sims"
2022-10-30,20.77,0,2.0,6.0,0.333,0.0,0.0,0,0.0,0.0,0.0,6.0,1.0,7.0,2.0,1.0,0.0,2.0,5.0,4.0,-7.0,0.333,0.333,0.0,0.0,30.8,5.4,18.4,11.4,2.3,0.0,25.0,16.4,95.0,125.0,-9.5,"donovan mitchell,evan mobley,dean wade,caris levert,jarrett allen,kevin love,isaac okoro,cedi osman,raul neto,robin lopez,mamadi diakite,lamar stevens","jalen brunson,julius randle,rj barrett,evan fournier,isaiah hartenstein,immanuel quickley,cam reddish,obi toppin,derrick rose"
2022-11-02,18.43,1,4.0,5.0,0.8,0.0,0.0,0,0.0,0.0,0.0,3.0,9.0,12.0,2.0,1.0,3.0,1.0,4.0,8.0,-15.0,0.8,0.8,0.0,0.0,17.0,41.1,30.3,19.6,2.6,10.7,16.7,13.6,144.0,89.0,13.6,"dejounte murray,de'andre hunter,john collins,trae young,clint capela,aaron holiday,onyeka okongwu,justin holiday,jalen johnson,aj griffin,frank kaminsky,vit krejci,tyrese martin","rj barrett,jalen brunson,julius randle,evan fournier,immanuel quickley,isaiah hartenstein,obi toppin,derrick rose,cam reddish,quentin grimes"
2022-11-04,11.77,0,0.0,0.0,0.0,0.0,0.0,0,0.0,0.0,0.0,1.0,1.0,2.0,1.0,0.0,0.0,0.0,3.0,0.0,-2.0,0.0,0.0,0.0,0.0,9.9,7.7,8.7,11.0,0.0,0.0,0.0,0.0,224.0,108.0,-3.4,"tyrese maxey,tobias harris,de'anthony melton,montrezl harrell,p.j. tucker,georges niang,paul reed,shake milton,matisse thybulle,furkan korkmaz","rj barrett,julius randle,jalen brunson,quentin grimes,immanuel quickley,isaiah hartenstein,obi toppin,cam reddish,evan fournier,derrick rose,jericho sims"
2022-11-20,16.63,0,1.0,2.0,0.5,0.0,0.0,0,0.0,0.0,0.0,0.0,4.0,4.0,0.0,1.0,2.0,0.0,1.0,2.0,0.0,0.5,0.5,0.0,0.0,0.0,22.6,11.7,0.0,3.1,9.3,0.0,5.4,100.0,109.0,-0.1,"mikal bridges,cameron payne,devin booker,deandre ayton,torrey craig,damion lee,bismack biyombo,ish wainright,duane washington jr.,josh okogie","quentin grimes,jalen brunson,rj barrett,julius randle,isaiah hartenstein,immanuel quickley,obi toppin,jericho sims,miles mcbride,derrick rose,ryan arcidiacono,svi mykhailiuk"
2022-11-21,13.17,0,1.0,1.0,1.0,0.0,0.0,0,1.0,2.0,0.5,0.0,2.0,2.0,1.0,1.0,0.0,0.0,2.0,3.0,5.0,0.798,1.0,0.0,2.0,0.0,16.2,8.5,7.7,3.6,0.0,0.0,5.8,170.0,113.0,4.5,"shai gilgeous-alexander,josh giddey,luguentz dort,jeremiah robinson-earl,kenrich williams,jalen williams,darius bazley,eugene omoruyi,tre mann,aaron wiggins,mike muscala,lindy waters iii,isaiah joe","rj barrett,jalen brunson,quentin grimes,julius randle,immanuel quickley,obi toppin,isaiah hartenstein,jericho sims,miles mcbride"
2022-11-25,23.08,1,6.0,7.0,0.857,0.0,0.0,0,0.0,2.0,0.0,5.0,3.0,8.0,0.0,0.0,2.0,1.0,6.0,12.0,7.0,0.761,0.857,0.0,0.286,24.4,15.3,20.0,0.0,0.0,8.7,11.3,16.0,141.0,122.0,-0.2,"anfernee simons,justise winslow,josh hart,jerami grant,jusuf nurkic,trendon watford,nassir little,shaedon sharpe","rj barrett,jalen brunson,julius randle,quentin grimes,immanuel quickley,isaiah hartenstein,obi toppin,jericho sims,miles mcbride"
2022-11-27,31.57,1,6.0,7.0,0.857,0.0,0.0,0,4.0,7.0,0.571,4.0,3.0,7.0,0.0,0.0,5.0,0.0,4.0,16.0,2.0,0.794,0.857,0.0,1.0,13.2,9.9,11.6,0.0,0.0,12.1,0.0,14.2,169.0,127.0,4.4,"ja morant,dillon brooks,steven adams,jaren jackson jr.,john konchar,tyus jones,santi aldama,brandon clarke,jake laravia,david roddy","rj barrett,jalen brunson,julius randle,quentin grimes,cam reddish,isaiah hartenstein,obi toppin,derrick rose,immanuel quickley,miles mcbride"
2022-11-29,26.23,0,3.0,6.0,0.5,0.0,0.0,0,0.0,0.0,0.0,5.0,8.0,13.0,2.0,2.0,1.0,2.0,1.0,6.0,31.0,0.5,0.5,0.0,0.0,22.9,35.7,29.4,7.5,3.7,4.2,25.0,12.3,118.0,101.0,1.3,"isaiah stewart,killian hayes,marvin bagley iii,isaiah livers,bojan bogdanovic,jalen duren,cory joseph,saddiq bey,kevin knox,alec burks,hamidou diallo,rodney mcgruder","julius randle,quentin grimes,rj barrett,jalen brunson,derrick rose,immanuel quickley,obi toppin,cam reddish,isaiah hartenstein,jericho sims,miles mcbride,svi mykhailiuk,ryan arcidiacono"
2022-11-30,33.08,1,7.0,9.0,0.778,0.0,0.0,0,1.0,2.0,0.5,11.0,9.0,20.0,1.0,0.0,1.0,0.0,2.0,15.0,4.0,0.759,0.778,0.0,0.222,28.0,26.1,27.1,4.6,0.0,2.6,0.0,12.4,172.0,114.0,10.3,"giannis antetokounmpo,jrue holiday,brook lopez,jevon carter,grayson allen,bobby portis,pat connaughton,wesley matthews,george hill,a.j. green","julius randle,jalen brunson,quentin grimes,rj barrett,immanuel quickley,cam reddish,obi toppin,derrick rose,isaiah hartenstein"
2022-12-03,22.62,1,1.0,2.0,0.5,0.0,0.0,0,0.0,2.0,0.0,2.0,4.0,6.0,0.0,0.0,1.0,1.0,2.0,2.0,-15.0,0.347,0.5,0.0,1.0,9.9,16.3,13.4,0.0,0.0,5.4,25.8,7.6,76.0,122.0,-7.4,"dorian finney-smith,spencer dinwiddie,luka doncic,tim hardaway jr.,dwight powell,josh green,reggie bullock,maxi kleber,davis bertans,jaden hardy,frank ntilikina,theo pinson,javale mcgee","julius randle,quentin grimes,jalen brunson,rj barrett,immanuel quickley,obi toppin,derrick rose,isaiah hartenstein,cam reddish,jericho sims,svi mykhailiuk,miles mcbride"
2022-12-04,33.55,1,2.0,2.0,1.0,0.0,0.0,0,1.0,2.0,0.5,3.0,8.0,11.0,0.0,3.0,1.0,1.0,3.0,5.0,-7.0,0.868,1.0,0.0,1.0,9.5,23.8,16.9,0.0,4.4,3.0,25.8,4.8,133.0,73.0,6.9,"donovan mitchell,evan mobley,darius garland,lamar stevens,mamadi diakite,cedi osman,kevin love,caris levert,isaac okoro,robin lopez","quentin grimes,julius randle,jalen brunson,rj barrett,immanuel quickley,miles mcbride,isaiah hartenstein,obi toppin"
2022-12-07,25.88,1,4.0,4.0,1.0,0.0,0.0,0,0.0,0.0,0.0,9.0,1.0,10.0,2.0,0.0,0.0,0.0,0.0,8.0,17.0,1.0,1.0,0.0,0.0,40.7,3.5,19.7,12.5,0.0,0.0,0.0,6.9,225.0,104.0,9.8,"trae young,aj griffin,clint capela,jalen johnson,dejounte murray,aaron holiday,bogdan bogdanovic,onyeka okongwu,justin holiday,jarrett culver,vit krejci,frank kaminsky","rj barrett,julius randle,quentin grimes,jalen brunson,miles mcbride,immanuel quickley,isaiah hartenstein,obi toppin,jericho sims,svi mykhailiuk"
2022-12-09,29.95,0,3.0,7.0,0.429,0.0,0.0,0,0.0,0.0,0.0,7.0,6.0,13.0,0.0,1.0,3.0,0.0,2.0,6.0,6.0,0.429,0.429,0.0,0.0,22.9,21.9,22.4,0.0,1.7,8.3,0.0,9.6,134.0,100.0,0.0,"kelly oubre jr.,terry rozier,mason plumlee,p.j. washington,jalen mcdaniels,bryce mcgowens,theo maledon,kai jones,nick richards,james bouknight,jt thor","julius randle,rj barrett,quentin grimes,jalen brunson,immanuel quickley,miles mcbride,isaiah hartenstein,jericho sims,svi mykhailiuk"
2022-12-11,19.4,1,5.0,5.0,1.0,0.0,0.0,0,2.0,2.0,1.0,4.0,5.0,9.0,0.0,0.0,2.0,2.0,6.0,12.0,-3.0,1.02,1.0,0.0,0.4,22.0,24.3,23.2,0.0,0.0,11.2,25.4,17.0,151.0,94.0,6.1,"kevin huerter,domantas sabonis,keegan murray,harrison barnes,davion mitchell,malik monk,matthew dellavedova,terence davis,chimezie metu,trey lyles,kz okpala","rj barrett,quentin grimes,julius randle,jalen brunson,isaiah hartenstein,immanuel quickley,miles mcbride,jericho sims"
2022-12-14,35.67,0,4.0,8.0,0.5,0.0,0.0,0,0.0,0.0,0.0,6.0,4.0,10.0,1.0,0.0,2.0,0.0,2.0,8.0,7.0,0.5,0.5,0.0,0.0,20.7,16.5,18.8,3.8,0.0,5.3,0.0,10.2,144.0,119.0,-1.3,"zach lavine,nikola vucevic,patrick williams,demar derozan,alex caruso,coby white,andre drummond,derrick jones jr.,goran dragic,javonte green","julius randle,jalen brunson,quentin grimes,rj barrett,immanuel quickley,isaiah hartenstein,miles mcbride,jericho sims"
2022-12-16,27.82,0,2.0,3.0,0.667,0.0,0.0,0,2.0,2.0,1.0,4.0,5.0,9.0,2.0,2.0,1.0,1.0,2.0,6.0,25.0,0.773,0.667,0.0,0.667,13.3,23.3,17.4,10.3,3.5,3.7,20.5,7.3,156.0,88.0,6.0,"demar derozan,zach lavine,patrick williams,nikola vucevic,alex caruso,coby white,javonte green,goran dragic,ayo dosunmu,andre drummond,derrick jones jr.,tony bradley","rj barrett,julius randle,jalen brunson,quentin grimes,immanuel quickley,jericho sims,isaiah hartenstein,miles mcbride,derrick rose,svi mykhailiuk,ryan arcidiacono"
2022-12-18,31.83,0,4.0,5.0,0.8,0.0,0.0,0,2.0,4.0,0.5,5.0,8.0,13.0,1.0,1.0,4.0,1.0,3.0,10.0,5.0,0.74,0.8,0.0,0.8,16.4,25.7,21.1,4.6,1.5,11.6,12.9,10.4,148.0,100.0,7.3,"myles turner,tyrese haliburton,aaron nesmith,buddy hield,andrew nembhard,bennedict mathurin,t.j. mcconnell,isaiah jackson,chris duarte,jalen smith,oshae brissett","rj barrett,julius randle,jalen brunson,quentin grimes,immanuel quickley,isaiah hartenstein,miles mcbride,jericho sims"
2022-12-20,28.98,1,3.0,3.0,1.0,0.0,0.0,0,3.0,4.0,0.75,5.0,6.0,11.0,1.0,3.0,0.0,1.0,1.0,9.0,19.0,0.945,1.0,0.0,1.333,21.2,26.9,24.0,4.1,5.3,0.0,17.4,8.5,175.0,91.0,8.7,"moses moody,jordan poole,klay thompson,draymond green,kevon looney,jonathan kuminga,ty jerome,james wiseman,anthony lamb,patrick baldwin jr.,ryan rollins","quentin grimes,rj barrett,julius randle,jalen brunson,immanuel quickley,miles mcbride,isaiah hartenstein,jericho sims,svi mykhailiuk,ryan arcidiacono"
2022-12-21,25.15,1,4.0,4.0,1.0,0.0,0.0,0,2.0,2.0,1.0,2.0,1.0,3.0,1.0,0.0,3.0,0.0,2.0,10.0,9.0,1.025,1.0,0.0,0.5,12.3,4.2,7.5,5.6,0.0,9.5,0.0,9.3,214.0,130.0,10.0,"pascal siakam,fred vanvleet,og anunoby,juancho hernangomez,scottie barnes,malachi flynn,thaddeus young,chris boucher,christian koloko","rj barrett,julius randle,jalen brunson,immanuel quickley,isaiah hartenstein,miles mcbride,jericho sims,derrick rose"
2022-12-23,28.85,1,1.0,3.0,0.333,0.0,0.0,0,0.0,0.0,0.0,3.0,3.0,6.0,1.0,0.0,0.0,0.0,3.0,2.0,-9.0,0.333,0.333,0.0,0.0,11.9,10.9,11.3,4.0,0.0,0.0,0.0,4.6,132.0,131.0,-6.8,"nikola vucevic,zach lavine,demar derozan,patrick williams,ayo dosunmu,andre drummond,coby white,goran dragic","rj barrett,julius randle,jalen brunson,quentin grimes,immanuel quickley,isaiah hartenstein,miles mcbride,jericho sims"
2022-12-25,30.83,1,4.0,5.0,0.8,0.0,0.0,0,2.0,2.0,1.0,7.0,9.0,16.0,4.0,1.0,3.0,1.0,3.0,10.0,7.0,0.85,0.8,0.0,0.4,27.9,35.9,31.9,16.9,1.7,12.3,14.5,10.2,175.0,122.0,10.8,"james harden,tobias harris,joel embiid,de'anthony melton,p.j. tucker,shake milton,georges niang,montrezl harrell,danuel house jr.,matisse thybulle","rj barrett,julius randle,quentin grimes,jalen brunson,immanuel quickley,isaiah hartenstein,jericho sims,miles mcbride"
2022-12-27,36.12,0,8.0,9.0,0.889,0.0,0.0,0,4.0,8.0,0.5,7.0,9.0,16.0,1.0,2.0,0.0,0.0,3.0,20.0,-3.0,0.799,0.889,0.0,0.889,18.0,29.3,23.0,4.4,2.8,0.0,0.0,15.0,172.0,115.0,9.8,"luka doncic,spencer dinwiddie,tim hardaway jr.,christian wood,dwight powell,reggie bullock,davis bertans,frank ntilikina,mckinley wright iv,kemba walker,javale mcgee","immanuel quickley,quentin grimes,julius randle,rj barrett,miles mcbride,jericho sims,derrick rose,isaiah hartenstein"
2022-12-29,27.88,0,0.0,2.0,0.0,0.0,0.0,0,0.0,0.0,0.0,3.0,3.0,6.0,2.0,0.0,1.0,0.0,3.0,0.0,9.0,0.0,0.0,0.0,0.0,11.0,13.2,12.0,9.1,0.0,2.9,0.0,3.0,115.0,129.0,-6.7,"tre jones,keldon johnson,jakob poeltl,romeo langford,jeremy sochan,josh richardson,malaki branham,zach collins,stanley johnson,doug mcdermott,keita bates-diop","immanuel quickley,julius randle,quentin grimes,miles mcbride,evan fournier,derrick rose,isaiah hartenstein,jericho sims"
2022-12-31,33.17,0,2.0,4.0,0.5,0.0,0.0,0,2.0,4.0,0.5,6.0,6.0,12.0,1.0,3.0,3.0,0.0,5.0,6.0,24.0,0.521,0.5,0.0,1.0,15.5,20.7,17.7,4.5,4.5,14.0,0.0,7.3,146.0,80.0,3.6,"kevin porter jr.,jalen green,eric gordon,bruno fernando,jabari smith jr.,tari eason,kenyon martin jr.,usman garuba,tyty washington jr.,garrison mathews,boban marjanovic,josh christopher,daishen nix","immanuel quickley,julius randle,quentin grimes,miles mcbride,evan fournier,isaiah hartenstein,derrick rose,jericho sims,ryan arcidiacono"
2023-01-02,34.82,1,5.0,7.0,0.714,0.0,0.0,0,0.0,0.0,0.0,4.0,6.0,10.0,2.0,0.0,1.0,0.0,1.0,10.0,27.0,0.714,0.714,0.0,0.0,15.3,18.4,17.0,9.5,0.0,2.8,0.0,10.5,163.0,92.0,5.2,"mikal bridges,chris paul,deandre ayton,landry shamet,torrey craig,damion lee,jock landale,cameron payne,ish wainright,duane washington jr.,dario saric,josh okogie","julius randle,jalen brunson,quentin grimes,immanuel quickley,miles mcbride,evan fournier,isaiah hartenstein,jericho sims,ryan arcidiacono,svi mykhailiuk"
2023-01-04,13.48,1,2.0,3.0,0.667,0.0,0.0,0,0.0,0.0,0.0,1.0,4.0,5.0,0.0,0.0,0.0,0.0,5.0,4.0,-1.0,0.667,0.667,0.0,0.0,8.3,33.9,20.9,0.0,0.0,0.0,0.0,9.1,151.0,116.0,-6.3,"keldon johnson,jeremy sochan,tre jones,jakob poeltl,romeo langford,josh richardson,doug mcdermott,malaki branham,zach collins,stanley johnson","immanuel quickley,julius randle,jalen brunson,quentin grimes,jericho sims,isaiah hartenstein,evan fournier,miles mcbride"
2023-01-06,34.8,0,4.0,8.0,0.5,0.0,0.0,0,2.0,4.0,0.5,8.0,10.0,18.0,0.0,0.0,2.0,0.0,6.0,10.0,-1.0,0.512,0.5,0.0,0.5,23.5,27.6,25.6,0.0,0.0,5.1,0.0,12.8,140.0,112.0,-1.0,"gary trent jr.,fred vanvleet,og anunoby,pascal siakam,scottie barnes,chris boucher,christian koloko,precious achiuwa,thaddeus young,malachi flynn,jeff dowtin","julius randle,jalen brunson,immanuel quickley,quentin grimes,miles mcbride,isaiah hartenstein,evan fournier,jericho sims"
2023-01-09,37.48,1,1.0,4.0,0.25,0.0,0.0,0,0.0,0.0,0.0,3.0,5.0,8.0,3.0,2.0,1.0,1.0,3.0,2.0,-1.0,0.25,0.25,0.0,0.0,7.1,15.2,10.7,10.5,2.7,3.2,20.0,5.5,93.0,114.0,-2.1,"giannis antetokounmpo,jrue holiday,brook lopez,pat connaughton,grayson allen,joe ingles,bobby portis,jevon carter,marjon beauchamp","immanuel quickley,julius randle,jalen brunson,quentin grimes,evan fournier,miles mcbride,isaiah hartenstein,obi toppin"
2023-01-11,37.52,1,3.0,4.0,0.75,0.0,0.0,0,4.0,6.0,0.667,5.0,4.0,9.0,1.0,5.0,2.0,0.0,2.0,10.0,3.0,0.753,0.75,0.0,1.5,14.2,11.1,12.7,3.7,6.4,5.0,0.0,7.7,178.0,102.0,7.4,"andrew nembhard,buddy hield,tyrese haliburton,jalen smith,james johnson,bennedict mathurin,t.j. mcconnell,isaiah jackson,chris duarte,goga bitadze,terry taylor","jalen brunson,rj barrett,julius randle,quentin grimes,immanuel quickley,obi toppin,isaiah hartenstein,miles mcbride"
2023-01-13,28.4,0,2.0,4.0,0.5,0.0,0.0,0,0.0,2.0,0.0,5.0,5.0,10.0,0.0,0.0,3.0,0.0,6.0,4.0,-7.0,0.41,0.5,0.0,0.5,16.3,16.3,16.3,0.0,0.0,9.9,0.0,7.3,124.0,109.0,-3.0,"kyle kuzma,corey kispert,kristaps porzingis,jordan goodwin,daniel gafford,deni avdija,rui hachimura,delon wright,taj gibson","jalen brunson,julius randle,quentin grimes,rj barrett,immanuel quickley,isaiah hartenstein,obi toppin,miles mcbride"
2023-01-15,34.12,0,2.0,6.0,0.333,0.0,0.0,0,0.0,0.0,0.0,6.0,6.0,12.0,0.0,2.0,3.0,0.0,1.0,4.0,14.0,0.333,0.333,0.0,0.0,18.0,19.6,18.8,0.0,3.2,10.8,0.0,7.8,126.0,106.0,-0.8,"isaiah livers,jaden ivey,saddiq bey,killian hayes,isaiah stewart,alec burks,kevin knox,hamidou diallo,rodney mcgruder","jalen brunson,julius randle,quentin grimes,rj barrett,immanuel quickley,isaiah hartenstein,obi toppin,miles mcbride"
2023-01-16,36.68,1,5.0,8.0,0.625,0.0,0.0,0,1.0,2.0,0.5,5.0,3.0,8.0,2.0,0.0,1.0,1.0,2.0,11.0,-7.0,0.619,0.625,0.0,0.25,15.0,9.0,12.0,8.3,0.0,2.8,10.1,11.4,138.0,128.0,1.2,"pascal siakam,fred vanvleet,scottie barnes,gary trent jr.,og anunoby,precious achiuwa,chris boucher,juancho hernangomez,malachi flynn","rj barrett,jalen brunson,julius randle,quentin grimes,immanuel quickley,isaiah hartenstein,obi toppin,miles mcbride"
2023-01-18,9.07,1,0.0,0.0,0.0,0.0,0.0,0,0.0,4.0,0.0,2.0,0.0,2.0,0.0,2.0,2.0,0.0,0.0,0.0,-12.0,0.0,0.0,0.0,0.0,19.6,0.0,10.5,0.0,11.3,20.0,0.0,8.0,49.0,101.0,5.7,"kyle kuzma,kristaps porzingis,monte morris,bradley beal,daniel gafford,deni avdija,delon wright,rui hachimura,corey kispert,taj gibson","jalen brunson,rj barrett,julius randle,quentin grimes,immanuel quickley,jericho sims,obi toppin,isaiah hartenstein,miles mcbride"
2023-02-24,27.9,0,5.0,6.0,0.833,0.0,0.0,0,0.0,0.0,0.0,4.0,8.0,12.0,0.0,1.0,1.0,0.0,4.0,10.0,13.0,0.833,0.833,0.0,0.0,16.0,40.5,26.8,0.0,1.8,4.9,0.0,9.3,180.0,109.0,4.9,"kyle kuzma,bradley beal,kristaps porzingis,monte morris,daniel gafford,deni avdija,delon wright,corey kispert,taj gibson,kendrick nunn","jalen brunson,julius randle,rj barrett,quentin grimes,immanuel quickley,josh hart,isaiah hartenstein,obi toppin"
2023-02-25,28.05,1,5.0,5.0,1.0,0.0,0.0,0,1.0,2.0,0.5,3.0,10.0,13.0,0.0,0.0,1.0,2.0,4.0,11.0,19.0,0.935,1.0,0.0,0.4,13.9,30.6,23.9,0.0,0.0,2.7,25.4,11.5,139.0,98.0,3.2,"brandon ingram,cj mccollum,josh richardson,jonas valanciunas,herbert jones,trey murphy iii,jose alvarado,naji marshall,willy hernangomez,larry nance jr.,kira lewis jr.,dyson daniels,jaxson hayes,garrett temple","julius randle,jalen brunson,rj barrett,quentin grimes,immanuel quickley,josh hart,isaiah hartenstein,obi toppin,jericho sims,miles mcbride,derrick rose"
2023-02-27,31.68,1,5.0,5.0,1.0,0.0,0.0,0,0.0,4.0,0.0,2.0,11.0,13.0,0.0,2.0,2.0,1.0,1.0,10.0,7.0,0.74,1.0,0.0,0.8,8.7,37.9,24.9,0.0,3.3,7.2,12.9,11.3,123.0,89.0,8.1,"jayson tatum,marcus smart,derrick white,robert williams,al horford,malcolm brogdon,grant williams,sam hauser,mike muscala,blake griffin,luke kornet,payton pritchard","jalen brunson,julius randle,rj barrett,quentin grimes,immanuel quickley,josh hart,isaiah hartenstein,obi toppin,miles mcbride"
2023-03-01,25.62,1,6.0,6.0,1.0,0.0,0.0,0,1.0,3.0,0.333,3.0,7.0,10.0,1.0,1.0,1.0,0.0,2.0,13.0,12.0,0.888,1.0,0.0,0.5,17.0,29.8,24.3,4.4,1.8,3.7,0.0,12.0,188.0,107.0,9.1,"mikal bridges,spencer dinwiddie,cameron johnson,nic claxton,dorian finney-smith,cam thomas,royce o'neale,seth curry,day'ron sharpe,joe harris,patty mills","jalen brunson,julius randle,rj barrett,quentin grimes,josh hart,immanuel quickley,isaiah hartenstein,obi toppin,trevor keels,miles mcbride,jericho sims"
2023-03-03,32.62,0,1.0,1.0,1.0,0.0,0.0,0,0.0,0.0,0.0,2.0,3.0,5.0,0.0,2.0,1.0,1.0,4.0,2.0,-23.0,1.0,1.0,0.0,0.0,8.7,11.3,10.1,0.0,3.2,2.6,50.0,3.0,134.0,126.0,-3.1,"tyler herro,bam adebayo,jimmy butler,gabe vincent,kevin love,victor oladipo,caleb martin,max strus,cody zeller","julius randle,jalen brunson,rj barrett,quentin grimes,josh hart,immanuel quickley,isaiah hartenstein,obi toppin"
2023-03-05,43.95,0,5.0,8.0,0.625,0.0,0.0,0,3.0,6.0,0.5,7.0,7.0,14.0,0.0,1.0,0.0,3.0,3.0,13.0,-1.0,0.611,0.625,0.0,0.75,19.2,15.4,17.1,0.0,1.1,0.0,22.0,14.1,116.0,113.0,-1.7,"jayson tatum,jaylen brown,al horford,marcus smart,derrick white,grant williams,sam hauser,mike muscala","immanuel quickley,rj barrett,julius randle,quentin grimes,josh hart,obi toppin,isaiah hartenstein,miles mcbride"
2023-03-07,31.68,1,7.0,8.0,0.875,0.0,0.0,0,0.0,0.0,0.0,3.0,5.0,8.0,0.0,1.0,1.0,2.0,3.0,14.0,-8.0,0.875,0.875,0.0,0.0,10.8,19.4,15.0,0.0,1.6,2.9,20.0,14.1,138.0,117.0,1.7,"terry rozier,gordon hayward,kelly oubre jr.,p.j. washington,mark williams,dennis smith jr.,nick richards,bryce mcgowens,jt thor","julius randle,immanuel quickley,rj barrett,quentin grimes,josh hart,isaiah hartenstein,miles mcbride,obi toppin"
2023-03-09,19.55,0,4.0,6.0,0.667,0.0,0.0,0,1.0,2.0,0.5,6.0,2.0,8.0,1.0,0.0,0.0,0.0,4.0,9.0,-11.0,0.654,0.667,0.0,0.333,25.0,12.0,19.6,7.6,0.0,0.0,0.0,13.2,159.0,123.0,1.0,"harrison barnes,domantas sabonis,kevin huerter,de'aaron fox,keegan murray,trey lyles,malik monk,davion mitchell,chimezie metu,terence davis,kessler edwards","julius randle,rj barrett,quentin grimes,jalen brunson,josh hart,immanuel quickley,isaiah hartenstein,obi toppin,miles mcbride"
2023-03-11,28.02,0,2.0,8.0,0.25,0.0,0.0,0,2.0,2.0,1.0,8.0,6.0,14.0,1.0,1.0,2.0,1.0,0.0,6.0,-10.0,0.338,0.25,0.0,0.25,26.4,25.1,25.8,6.0,1.9,6.0,10.1,15.3,104.0,110.0,-0.7,"paul george,kawhi leonard,marcus morris,ivica zubac,russell westbrook,eric gordon,mason plumlee,terance mann,nicolas batum,amir coffey","immanuel quickley,julius randle,quentin grimes,rj barrett,josh hart,isaiah hartenstein,obi toppin,miles mcbride"
2023-03-12,24.27,0,2.0,4.0,0.5,0.0,0.0,0,0.0,0.0,0.0,4.0,1.0,5.0,0.0,1.0,1.0,1.0,2.0,4.0,-15.0,0.5,0.5,0.0,0.0,20.3,4.5,11.9,0.0,2.1,3.7,20.0,9.1,116.0,115.0,-4.5,"anthony davis,d'angelo russell,troy brown jr.,malik beasley,jarred vanderbilt,rui hachimura,dennis schroder,austin reaves,wenyen gabriel","rj barrett,julius randle,immanuel quickley,quentin grimes,josh hart,isaiah hartenstein,miles mcbride,obi toppin"
2023-03-14,21.45,0,1.0,2.0,0.5,0.0,0.0,0,0.0,2.0,0.0,2.0,2.0,4.0,0.0,1.0,1.0,0.0,0.0,2.0,-4.0,0.347,0.5,0.0,1.0,12.4,8.3,9.9,0.0,2.2,4.1,0.0,6.0,108.0,108.0,-3.9,"trendon watford,damian lillard,matisse thybulle,anfernee simons,jusuf nurkic,cam reddish,drew eubanks,nassir little,shaedon sharpe,keon johnson,jabari walker,kevin knox","immanuel quickley,julius randle,rj barrett,quentin grimes,josh hart,isaiah hartenstein,miles mcbride,obi toppin"
2023-03-18,26.45,1,3.0,4.0,0.75,0.0,0.0,0,2.0,2.0,1.0,7.0,2.0,9.0,3.0,1.0,1.0,1.0,2.0,8.0,11.0,0.82,0.75,0.0,0.5,30.2,10.7,21.5,15.3,2.0,3.6,17.0,9.9,170.0,118.0,8.1,"kentavious caldwell-pope,nikola jokic,jamal murray,aaron gordon,michael porter jr.,bruce brown,jeff green,christian braun,thomas bryant","julius randle,rj barrett,jalen brunson,quentin grimes,josh hart,immanuel quickley,isaiah hartenstein,obi toppin"
2023-03-20,27.85,1,0.0,1.0,0.0,0.0,0.0,0,0.0,0.0,0.0,3.0,6.0,9.0,0.0,2.0,2.0,2.0,1.0,0.0,0.0,0.0,0.0,0.0,0.0,15.2,30.4,22.8,0.0,3.3,5.8,66.7,4.6,72.0,125.0,-2.9,"rudy gobert,kyle anderson,mike conley,taurean prince,jaden mcdaniels,jaylen nowell,naz reid,nickeil alexander-walker,jordan mclaughlin,austin rivers","julius randle,jalen brunson,rj barrett,quentin grimes,josh hart,immanuel quickley,isaiah hartenstein,obi toppin"
2023-03-22,24.85,0,4.0,4.0,1.0,0.0,0.0,0,2.0,4.0,0.5,4.0,4.0,8.0,1.0,0.0,3.0,0.0,5.0,10.0,2.0,0.868,1.0,0.0,1.0,21.5,22.1,21.8,5.6,0.0,11.4,0.0,10.2,189.0,123.0,4.6,"bam adebayo,jimmy butler,tyler herro,gabe vincent,kevin love,max strus,kyle lowry,caleb martin,haywood highsmith","jalen brunson,julius randle,rj barrett,quentin grimes,josh hart,isaiah hartenstein,immanuel quickley,obi toppin,miles mcbride"
2023-03-23,30.63,0,1.0,1.0,1.0,0.0,0.0,0,0.0,0.0,0.0,6.0,6.0,12.0,0.0,1.0,3.0,2.0,0.0,2.0,-3.0,1.0,1.0,0.0,0.0,19.6,24.1,21.6,0.0,1.6,8.5,66.7,4.2,116.0,108.0,-2.2,"markelle fultz,paolo banchero,franz wagner,wendell carter jr.,gary harris,cole anthony,caleb houstan,moritz wagner,goga bitadze","immanuel quickley,quentin grimes,julius randle,rj barrett,josh hart,isaiah hartenstein,obi toppin,miles mcbride"
2023-03-27,19.7,1,1.0,1.0,1.0,0.0,0.0,0,1.0,2.0,0.5,1.0,5.0,6.0,0.0,0.0,3.0,0.0,3.0,3.0,1.0,0.798,1.0,0.0,2.0,7.2,27.1,18.5,0.0,0.0,12.0,0.0,4.2,175.0,111.0,-2.7,"kevin porter jr.,jalen green,kenyon martin jr.,jabari smith jr.,alperen sengun,tari eason,usman garuba,josh christopher,daishen nix,boban marjanovic","quentin grimes,immanuel quickley,rj barrett,julius randle,josh hart,isaiah hartenstein,obi toppin,miles mcbride,jericho sims,trevor keels"
2023-03-29,19.05,1,1.0,3.0,0.333,0.0,0.0,0,0.0,0.0,0.0,3.0,3.0,6.0,1.0,0.0,1.0,1.0,1.0,2.0,-3.0,0.333,0.333,0.0,0.0,19.9,17.2,18.4,7.1,0.0,6.3,25.0,10.0,99.0,103.0,-3.8,"tyler herro,bam adebayo,jimmy butler,gabe vincent,kevin love,duncan robinson,caleb martin,victor oladipo,cody zeller,max strus","quentin grimes,rj barrett,jalen brunson,julius randle,immanuel quickley,isaiah hartenstein,josh hart,obi toppin"
2023-03-31,22.25,0,4.0,5.0,0.8,0.0,0.0,0,2.0,3.0,0.667,9.0,5.0,14.0,1.0,2.0,2.0,1.0,1.0,10.0,-1.0,0.791,0.8,0.0,0.6,42.2,30.8,37.3,5.3,4.5,8.8,13.7,14.3,170.0,106.0,11.5,"evan mobley,donovan mitchell,darius garland,caris levert,lamar stevens,cedi osman,dean wade,raul neto,ricky rubio,robin lopez","jalen brunson,quentin grimes,rj barrett,obi toppin,immanuel quickley,josh hart,isaiah hartenstein,miles mcbride"
2023-04-02,25.92,1,3.0,4.0,0.75,0.0,0.0,0,2.0,2.0,1.0,4.0,7.0,11.0,4.0,2.0,1.0,0.0,2.0,8.0,16.0,0.82,0.75,0.0,0.5,18.5,35.0,26.5,18.3,3.8,4.4,0.0,8.5,192.0,104.0,11.3,"deni avdija,corey kispert,delon wright,johnny davis,daniel gafford,jordan goodwin,quenton jackson,taj gibson,kendrick nunn,anthony gill,xavier cooks,jay huff","quentin grimes,jalen brunson,immanuel quickley,obi toppin,josh hart,isaiah hartenstein,miles mcbride,evan fournier"
2023-04-05,30.45,0,6.0,13.0,0.462,0.0,0.0,0,2.0,7.0,0.286,7.0,9.0,16.0,1.0,2.0,7.0,2.0,5.0,14.0,27.0,0.435,0.462,0.0,0.538,23.5,33.8,28.3,3.7,3.0,19.4,11.1,22.8,105.0,107.0,-4.4,"bennedict mathurin,andrew nembhard,jalen smith,aaron nesmith,jordan nwora,t.j. mcconnell,buddy hield,isaiah jackson,oshae brissett,gabe york","quentin grimes,obi toppin,immanuel quickley,josh hart,isaiah hartenstein,miles mcbride,evan fournier,jericho sims"
2023-04-09,27.18,1,4.0,10.0,0.4,0.0,0.0,0,1.0,4.0,0.25,14.0,6.0,20.0,2.0,1.0,7.0,3.0,2.0,9.0,18.0,0.383,0.4,0.0,0.4,44.9,25.2,36.4,7.9,1.6,22.5,20.3,19.6,109.0,111.0,-0.8,"andrew nembhard,bennedict mathurin,isaiah jackson,aaron nesmith,jordan nwora,oshae brissett,buddy hield,george hill,gabe york,james johnson","rj barrett,immanuel quickley,obi toppin,quentin grimes,josh hart,isaiah hartenstein,miles mcbride,evan fournier"
2023-04-15,26.1,0,3.0,5.0,0.6,0.0,0.0,0,0.0,0.0,0.0,5.0,3.0,8.0,0.0,2.0,0.0,0.0,2.0,6.0,-15.0,0.6,0.6,0.0,0.0,20.9,12.3,16.5,0.0,4.0,0.0,0.0,8.3,154.0,104.0,2.8,"donovan mitchell,darius garland,jarrett allen,evan mobley,isaac okoro,cedi osman,caris levert,dean wade,ricky rubio","julius randle,rj barrett,jalen brunson,quentin grimes,josh hart,immanuel quickley,isaiah hartenstein,obi toppin"
2023-04-18,21.25,0,1.0,2.0,0.5,0.0,0.0,0,0.0,0.0,0.0,1.0,4.0,5.0,0.0,0.0,4.0,2.0,3.0,2.0,-10.0,0.5,0.5,0.0,0.0,5.0,26.6,14.3,0.0,0.0,20.5,50.0,8.3,56.0,113.0,-5.2,"evan mobley,donovan mitchell,darius garland,jarrett allen,isaac okoro,caris levert,cedi osman,danny green,raul neto,robin lopez","jalen brunson,rj barrett,julius randle,quentin grimes,josh hart,isaiah hartenstein,immanuel quickley,obi toppin,miles mcbride"
2023-04-21,30.42,1,3.0,5.0,0.6,0.0,0.0,0,1.0,4.0,0.25,5.0,2.0,7.0,3.0,2.0,2.0,0.0,0.0,7.0,19.0,0.518,0.6,0.0,0.8,19.7,6.7,12.7,13.8,3.4,6.7,0.0,10.2,140.0,87.0,10.0,"donovan mitchell,jarrett allen,evan mobley,caris levert,darius garland,cedi osman,isaac okoro,danny green,ricky rubio,robin lopez,lamar stevens,raul neto,dean wade","jalen brunson,julius randle,rj barrett,quentin grimes,josh hart,immanuel quickley,isaiah hartenstein,obi toppin,miles mcbride,daquan jeffries,derrick rose"
2023-04-23,27.37,1,5.0,7.0,0.714,0.0,0.0,0,2.0,3.0,0.667,7.0,4.0,11.0,1.0,0.0,2.0,0.0,2.0,12.0,-1.0,0.721,0.714,0.0,0.429,28.6,19.0,24.1,6.0,0.0,6.5,0.0,13.7,170.0,105.0,10.4,"donovan mitchell,jarrett allen,caris levert,darius garland,evan mobley,cedi osman,isaac okoro,ricky rubio,danny green","jalen brunson,josh hart,rj barrett,julius randle,isaiah hartenstein,obi toppin,immanuel quickley,miles mcbride"
2023-04-26,36.22,0,6.0,9.0,0.667,0.0,0.0,0,1.0,4.0,0.25,11.0,7.0,18.0,1.0,2.0,3.0,1.0,4.0,13.0,8.0,0.604,0.667,0.0,0.444,33.9,26.5,30.6,4.6,3.0,9.5,8.5,14.5,139.0,97.0,7.7,"donovan mitchell,darius garland,evan mobley,caris levert,jarrett allen,isaac okoro,cedi osman,lamar stevens,danny green","josh hart,jalen brunson,rj barrett,julius randle,immanuel quickley,obi toppin,isaiah hartenstein,miles mcbride"
2023-04-30,33.63,1,3.0,3.0,1.0,0.0,0.0,0,1.0,4.0,0.25,5.0,9.0,14.0,0.0,0.0,2.0,2.0,3.0,7.0,-13.0,0.735,1.0,0.0,1.333,17.4,27.9,23.0,0.0,0.0,6.2,29.6,8.9,115.0,113.0,-1.0,"jimmy butler,bam adebayo,gabe vincent,max strus,kevin love,caleb martin,kyle lowry,duncan robinson,cody zeller,haywood highsmith","josh hart,jalen brunson,rj barrett,obi toppin,immanuel quickley,isaiah hartenstein,quentin grimes"
2023-05-02,20.7,1,2.0,3.0,0.667,0.0,0.0,0,2.0,6.0,0.333,3.0,2.0,5.0,0.0,0.0,0.0,0.0,4.0,6.0,4.0,0.532,0.667,0.0,2.0,18.8,9.9,13.8,0.0,0.0,0.0,0.0,12.4,128.0,121.0,-8.0,"gabe vincent,bam adebayo,caleb martin,max strus,kevin love,kyle lowry,duncan robinson,haywood highsmith,cody zeller","jalen brunson,rj barrett,julius randle,josh hart,isaiah hartenstein,quentin grimes,obi toppin,immanuel quickley"
2023-05-06,14.22,0,1.0,2.0,0.5,0.0,0.0,0,0.0,0.0,0.0,4.0,1.0,5.0,0.0,0.0,0.0,1.0,4.0,2.0,-4.0,0.5,0.5,0.0,0.0,26.5,7.2,17.2,0.0,0.0,0.0,33.3,8.9,102.0,114.0,-9.4,"bam adebayo,jimmy butler,gabe vincent,max strus,kevin love,kyle lowry,caleb martin,duncan robinson,cody zeller,haywood highsmith,nikola jovic,omer yurtseven","josh hart,julius randle,jalen brunson,rj barrett,isaiah hartenstein,quentin grimes,immanuel quickley,obi toppin,daquan jeffries,miles mcbride"
2023-05-08,33.12,0,3.0,5.0,0.6,0.0,0.0,0,0.0,2.0,0.0,4.0,3.0,7.0,1.0,1.0,2.0,2.0,2.0,6.0,1.0,0.51,0.6,0.0,0.4,14.9,10.9,12.8,4.4,1.6,6.3,25.4,11.1,99.0,117.0,-0.9,"jimmy butler,bam adebayo,max strus,kevin love,gabe vincent,caleb martin,kyle lowry,duncan robinson,cody zeller,haywood highsmith","jalen brunson,quentin grimes,julius randle,rj barrett,josh hart,isaiah hartenstein,obi toppin,miles mcbride"
2023-05-10,26.38,1,2.0,5.0,0.4,0.0,0.0,0,4.0,8.0,0.5,5.0,6.0,11.0,2.0,0.0,0.0,2.0,3.0,8.0,12.0,0.469,0.4,0.0,1.6,24.6,23.2,23.8,11.6,0.0,0.0,19.0,18.0,110.0,112.0,-4.9,"jimmy butler,bam adebayo,max strus,gabe vincent,kevin love,kyle lowry,caleb martin,duncan robinson,cody zeller,haywood highsmith","jalen brunson,quentin grimes,rj barrett,julius randle,isaiah hartenstein,obi toppin,josh hart,miles mcbride"
2023-05-12,28.62,0,0.0,2.0,0.0,0.0,0.0,0,2.0,2.0,1.0,5.0,6.0,11.0,1.0,0.0,1.0,0.0,2.0,2.0,-2.0,0.347,0.0,0.0,1.0,20.5,25.2,22.8,6.2,0.0,3.0,0.0,5.0,146.0,108.0,0.3,"jimmy butler,bam adebayo,max strus,gabe vincent,kevin love,kyle lowry,caleb martin,duncan robinson,cody zeller","jalen brunson,julius randle,rj barrett,quentin grimes,josh hart,isaiah hartenstein,obi toppin,miles mcbride"
2023-10-25,22.08,1,1.0,4.0,0.25,0.0,0.0,0,0.0,2.0,0.0,3.0,3.0,6.0,1.0,2.0,0.0,1.0,4.0,2.0,1.0,0.205,0.25,0.0,0.5,11.6,17.6,14.0,6.4,4.6,0.0,17.0,10.9,68.0,108.0,-11.2,"jayson tatum,jaylen brown,kristaps porzingis,jrue holiday,derrick white,al horford,sam hauser,payton pritchard,luke kornet","rj barrett,julius randle,jalen brunson,quentin grimes,immanuel quickley,isaiah hartenstein,josh hart,donte divincenzo"
2023-10-27,37.7,0,2.0,6.0,0.333,0.0,0.0,0,3.0,4.0,0.75,6.0,7.0,13.0,1.0,4.0,4.0,1.0,1.0,7.0,11.0,0.451,0.333,0.0,0.667,16.3,21.2,18.6,3.1,4.9,9.3,11.4,9.4,122.0,103.0,-0.3,"trae young,dejounte murray,de'andre hunter,clint capela,saddiq bey,jalen johnson,bogdan bogdanovic,onyeka okongwu,aj griffin","julius randle,rj barrett,jalen brunson,quentin grimes,immanuel quickley,josh hart,donte divincenzo,isaiah hartenstein"
2023-10-28,28.95,0,4.0,8.0,0.5,0.0,0.0,0,0.0,0.0,0.0,10.0,5.0,15.0,0.0,1.0,2.0,0.0,1.0,8.0,-11.0,0.5,0.5,0.0,0.0,30.1,17.6,24.4,0.0,1.7,6.1,0.0,11.4,134.0,91.0,2.8,"brandon ingram,cj mccollum,zion williamson,herbert jones,jonas valanciunas,matt ryan,dyson daniels,larry nance jr.,kira lewis jr.,cody zeller","julius randle,jalen brunson,rj barrett,quentin grimes,josh hart,donte divincenzo,immanuel quickley,isaiah hartenstein,miles mcbride,jericho sims,daquan jeffries,dylan windler"
2023-10-31,22.32,0,4.0,4.0,1.0,0.0,0.0,0,0.0,0.0,0.0,3.0,4.0,7.0,0.0,1.0,0.0,1.0,0.0,8.0,6.0,1.0,1.0,0.0,0.0,14.7,17.2,16.0,0.0,2.3,0.0,20.0,9.7,161.0,94.0,6.3,"max strus,evan mobley,donovan mitchell,isaac okoro,dean wade,georges niang,tristan thompson,sam merrill,damian jones,isaiah mobley","jalen brunson,julius randle,rj barrett,quentin grimes,josh hart,immanuel quickley,isaiah hartenstein,donte divincenzo,miles mcbride,daquan jeffries,jericho sims,dylan windler,ryan arcidiacono"
2023-11-01,32.07,1,1.0,3.0,0.333,0.0,0.0,0,4.0,8.0,0.5,8.0,8.0,16.0,0.0,0.0,2.0,1.0,3.0,6.0,-1.0,0.46,0.333,0.0,2.667,21.4,29.9,24.9,0.0,0.0,7.1,13.3,9.5,112.0,98.0,-2.4,"donovan mitchell,evan mobley,max strus,isaac okoro,georges niang,caris levert,dean wade,tristan thompson","jalen brunson,julius randle,josh hart,quentin grimes,donte divincenzo,immanuel quickley,isaiah hartenstein,miles mcbride"
2023-11-03,29.47,0,0.0,4.0,0.0,0.0,0.0,0,0.0,0.0,0.0,6.0,9.0,15.0,1.0,0.0,0.0,0.0,4.0,0.0,-4.0,0.0,0.0,0.0,0.0,19.5,31.2,25.2,4.3,0.0,0.0,0.0,5.6,86.0,112.0,-8.1,"damian lillard,giannis antetokounmpo,brook lopez,malik beasley,khris middleton,pat connaughton,jae crowder,bobby portis,marjon beauchamp,cameron payne","jalen brunson,julius randle,josh hart,quentin grimes,immanuel quickley,isaiah hartenstein,donte divincenzo,miles mcbride"
2023-11-06,34.8,1,6.0,10.0,0.6,0.0,0.0,0,1.0,1.0,1.0,9.0,6.0,15.0,0.0,4.0,0.0,0.0,2.0,13.0,4.0,0.623,0.6,0.0,0.1,29.6,22.4,26.2,0.0,5.9,0.0,0.0,12.5,158.0,96.0,5.5,"paul george,kawhi leonard,james harden,russell westbrook,ivica zubac,norman powell,bones hyland,p.j. tucker,mason plumlee,moussa diabate,amir coffey","julius randle,jalen brunson,rj barrett,quentin grimes,josh hart,immanuel quickley,donte divincenzo,isaiah hartenstein"
2023-11-08,31.22,1,3.0,4.0,0.75,0.0,0.0,0,2.0,6.0,0.333,5.0,7.0,12.0,1.0,0.0,0.0,0.0,3.0,8.0,30.0,0.602,0.75,0.0,1.5,16.0,23.9,19.8,3.7,0.0,0.0,0.0,9.1,151.0,110.0,-3.5,"keldon johnson,jeremy sochan,zach collins,malaki branham,tre jones,doug mcdermott,charles bassey,cedi osman,devin vassell,blake wesley,dominick barlow,julian champagnie,sandro mamukelashvili","jalen brunson,rj barrett,julius randle,quentin grimes,immanuel quickley,josh hart,donte divincenzo,isaiah hartenstein,ryan arcidiacono,daquan jeffries,miles mcbride,jericho sims,dylan windler"
